,0
0,id
1,loan_dt
2,label
3,tag
4,f135
5,f60
6,f36
7,f164
8,f8
9,f2
10,f119
11,f105
12,f23
13,f95
14,f77
15,f51
16,f22
17,f61
18,f189
19,f155
20,f57
21,f180
22,f169
23,f42
24,f160
25,f115
26,f143
27,f137
28,f4
29,f79
30,f149
31,f130
32,f148
33,f184
34,f176
35,f116
36,f107
37,f78
38,f86
39,f166
40,f94
41,f64
42,f163
43,f193
44,f5
45,f185
46,f65
47,f110
48,f172
49,f170
50,f147
51,f90
52,f191
53,f195
54,f14
55,f101
56,f12
57,f83
58,f97
59,f150
60,f171
61,f39
62,f37
63,f159
64,f120
65,f99
66,f16
67,f35
68,f81
69,f68
70,f103
71,f25
72,f114
73,f151
74,f72
75,f33
76,f6
77,f141
78,f21
79,f20
80,f187
81,f88
82,f125
83,f132
84,f139
85,f76
86,f190
87,f168
88,f93
89,f91
90,f194
91,f66
92,f121
93,f146
94,f80
95,f59
96,f63
97,f15
98,f124
99,f45
100,f188
101,f18
102,f197
103,f11
104,f27
105,f102
106,f138
107,f70
108,f109
109,f71
110,f198
111,f126
112,f183
113,f40
114,f162
115,f106
116,f113
117,f9
118,f29
119,f3
120,f129
121,f1
122,f7
123,f52
124,f54
125,f48
126,f98
127,f69
128,f67
129,f134
130,f44
131,f112
132,f156
133,f38
134,f50
135,f96
136,f31
137,f87
138,f177
139,f62
140,f128
141,f73
142,f158
143,f152
144,f24
145,f34
146,f179
147,f19
148,f108
149,f127
150,f118
151,f192
152,f104
153,f47
154,f84
155,f74
156,f10
157,f174
158,f92
159,f58
160,f53
161,f145
162,f17
163,f85
164,f28
165,f186
166,f13
167,f46
168,f43
169,f144
170,f100
171,f196
172,f173
173,f167
174,f178
175,f56
176,f153
177,f157
178,f175
179,f75
180,f49
181,f89
182,f131
183,f140
184,f123
185,f82
186,f181
187,f142
188,f117
189,f26
190,f136
191,f161
192,f32
193,f154
194,f41
195,f133
196,f165
197,f30
198,f55
199,f122
200,f182
201,f111
202,f250
203,f381
204,f297
205,f217
206,f391
207,f359
208,f393
209,f371
210,f210
211,f330
212,f355
213,f211
214,f298
215,f308
216,f388
217,f356
218,f343
219,f311
220,f305
221,f339
222,f316
223,f281
224,f352
225,f362
226,f404
227,f274
228,f323
229,f344
230,f201
231,f241
232,f269
233,f260
234,f296
235,f309
236,f372
237,f245
238,f292
239,f216
240,f336
241,f207
242,f380
243,f263
244,f314
245,f258
246,f205
247,f242
248,f306
249,f295
250,f264
251,f267
252,f254
253,f367
254,f223
255,f347
256,f234
257,f375
258,f392
259,f346
260,f326
261,f199
262,f394
263,f402
264,f230
265,f286
266,f360
267,f327
268,f358
269,f403
270,f329
271,f369
272,f310
273,f345
274,f338
275,f387
276,f252
277,f378
278,f313
279,f320
280,f370
281,f214
282,f354
283,f229
284,f255
285,f238
286,f324
287,f224
288,f293
289,f365
290,f237
291,f307
292,f357
293,f282
294,f248
295,f335
296,f389
297,f325
298,f342
299,f249
300,f280
301,f276
302,f262
303,f285
304,f351
305,f215
306,f301
307,f373
308,f300
309,f202
310,f379
311,f231
312,f368
313,f290
314,f271
315,f209
316,f331
317,f396
318,f363
319,f291
320,f294
321,f312
322,f317
323,f377
324,f203
325,f272
326,f204
327,f257
328,f226
329,f236
330,f265
331,f232
332,f251
333,f315
334,f243
335,f233
336,f302
337,f400
338,f277
339,f287
340,f319
341,f240
342,f225
343,f364
344,f386
345,f227
346,f390
347,f384
348,f361
349,f222
350,f353
351,f399
352,f268
353,f366
354,f383
355,f385
356,f340
357,f218
358,f283
359,f275
360,f398
361,f208
362,f374
363,f376
364,f304
365,f341
366,f261
367,f220
368,f382
369,f322
370,f244
371,f219
372,f246
373,f284
374,f348
375,f288
376,f337
377,f289
378,f350
379,f247
380,f212
381,f299
382,f334
383,f349
384,f332
385,f270
386,f279
387,f213
388,f256
389,f318
390,f397
391,f235
392,f253
393,f206
394,f239
395,f221
396,f200
397,f401
398,f328
399,f266
400,f228
401,f333
402,f278
403,f259
404,f303
405,f273
406,f321
407,f395
408,f468
409,f505
410,f487
411,f503
412,f485
413,f482
414,f437
415,f533
416,f536
417,f427
418,f497
419,f609
420,f560
421,f465
422,f496
423,f475
424,f600
425,f480
426,f578
427,f555
428,f541
429,f558
430,f519
431,f542
432,f591
433,f486
434,f419
435,f564
436,f529
437,f605
438,f436
439,f581
440,f603
441,f568
442,f539
443,f569
444,f525
445,f407
446,f583
447,f412
448,f516
449,f431
450,f598
451,f449
452,f506
453,f604
454,f510
455,f492
456,f440
457,f483
458,f453
459,f573
460,f411
461,f593
462,f566
463,f432
464,f416
465,f559
466,f447
467,f582
468,f563
469,f547
470,f562
471,f549
472,f456
473,f528
474,f507
475,f594
476,f414
477,f543
478,f532
479,f500
480,f606
481,f502
482,f451
483,f473
484,f585
485,f421
486,f513
487,f422
488,f554
489,f445
490,f446
491,f435
492,f538
493,f546
494,f499
495,f464
496,f470
497,f410
498,f495
499,f477
500,f580
501,f571
502,f526
503,f540
504,f455
505,f469
506,f423
507,f534
508,f457
509,f478
510,f428
511,f450
512,f551
513,f586
514,f584
515,f518
516,f590
517,f588
518,f595
519,f472
520,f607
521,f481
522,f461
523,f462
524,f548
525,f408
526,f576
527,f522
528,f438
529,f409
530,f574
531,f531
532,f442
533,f597
534,f512
535,f550
536,f508
537,f552
538,f556
539,f596
540,f430
541,f444
542,f527
543,f459
544,f567
545,f476
546,f471
547,f511
548,f515
549,f426
550,f405
551,f530
552,f544
553,f466
554,f577
555,f521
556,f415
557,f460
558,f520
559,f601
560,f504
561,f494
562,f524
563,f553
564,f489
565,f433
566,f537
567,f458
568,f493
569,f490
570,f572
571,f570
572,f448
573,f589
574,f523
575,f488
576,f413
577,f608
578,f498
579,f441
580,f425
581,f420
582,f418
583,f429
584,f406
585,f439
586,f479
587,f463
588,f491
589,f514
590,f467
591,f561
592,f484
593,f501
594,f575
595,f592
596,f443
597,f535
598,f565
599,f434
600,f587
601,f417
602,f452
603,f474
604,f579
605,f517
606,f602
607,f599
608,f424
609,f509
610,f545
611,f454
612,f557
613,f619
614,f621
615,f630
616,f614
617,f623
618,f612
619,f617
620,f626
621,f620
622,f616
623,f615
624,f613
625,f629
626,f611
627,f628
628,f625
629,f627
630,f624
631,f610
632,f622
633,f618
634,f631
635,f632
636,f2290
637,f1373
638,f765
639,f2272
640,f719
641,f2574
642,f940
643,f718
644,f2407
645,f751
646,f2711
647,f2087
648,f683
649,f1902
650,f1800
651,f2704
652,f1946
653,f1378
654,f712
655,f2231
656,f2827
657,f2612
658,f1790
659,f2823
660,f2107
661,f1910
662,f2275
663,f2119
664,f2756
665,f2602
666,f2956
667,f2494
668,f2063
669,f1207
670,f1871
671,f792
672,f2471
673,f995
674,f2111
675,f2982
676,f710
677,f3118
678,f1079
679,f2012
680,f1521
681,f3057
682,f2778
683,f919
684,f2809
685,f2684
686,f1384
687,f2432
688,f1383
689,f2084
690,f905
691,f2110
692,f2294
693,f3130
694,f1109
695,f2394
696,f1620
697,f2230
698,f3016
699,f1694
700,f738
701,f3161
702,f2418
703,f1518
704,f2109
705,f2828
706,f2313
707,f745
708,f2081
709,f1955
710,f1759
711,f2199
712,f3182
713,f887
714,f2213
715,f3153
716,f1719
717,f1676
718,f1515
719,f1717
720,f2973
721,f3033
722,f931
723,f1995
724,f1679
725,f1223
726,f1188
727,f1943
728,f3059
729,f1532
730,f1863
731,f2447
732,f1965
733,f2037
734,f2156
735,f2316
736,f2045
737,f736
738,f2772
739,f1195
740,f3156
741,f2022
742,f1667
743,f1380
744,f697
745,f2021
746,f2577
747,f997
748,f3032
749,f889
750,f971
751,f2843
752,f763
753,f2433
754,f1364
755,f2139
756,f2284
757,f1150
758,f1573
759,f1264
760,f1997
761,f1702
762,f1390
763,f3093
764,f3058
765,f658
766,f2617
767,f638
768,f2762
769,f2478
770,f1481
771,f2435
772,f797
773,f770
774,f2768
775,f3015
776,f1372
777,f1352
778,f1408
779,f1457
780,f1883
781,f2197
782,f835
783,f787
784,f1697
785,f2900
786,f1033
787,f2623
788,f3146
789,f642
790,f1531
791,f1046
792,f2991
793,f1688
794,f2975
795,f2963
796,f2950
797,f1348
798,f2951
799,f925
800,f1139
801,f2207
802,f801
803,f1071
804,f2872
805,f649
806,f1365
807,f660
808,f1990
809,f2931
810,f2191
811,f2716
812,f2647
813,f2830
814,f2529
815,f1552
816,f2833
817,f2582
818,f2298
819,f1474
820,f668
821,f1967
822,f2685
823,f910
824,f1186
825,f1359
826,f1211
827,f876
828,f1391
829,f1913
830,f1917
831,f2906
832,f2149
833,f840
834,f2465
835,f1539
836,f982
837,f702
838,f1121
839,f1440
840,f3136
841,f1737
842,f1262
843,f3139
844,f1368
845,f2831
846,f1961
847,f1581
848,f2137
849,f2114
850,f1498
851,f2764
852,f1916
853,f2102
854,f2429
855,f1385
856,f2277
857,f966
858,f1691
859,f2323
860,f2067
861,f1772
862,f1517
863,f2450
864,f1896
865,f2073
866,f2595
867,f1260
868,f1026
869,f1713
870,f2118
871,f1169
872,f1876
873,f3166
874,f892
875,f2044
876,f1748
877,f2129
878,f1382
879,f1462
880,f2930
881,f2209
882,f2836
883,f3045
884,f1546
885,f2933
886,f972
887,f1076
888,f1568
889,f2502
890,f1549
891,f2112
892,f2058
893,f1690
894,f1921
895,f1574
896,f2144
897,f1873
898,f1977
899,f2848
900,f2509
901,f2992
902,f2264
903,f3067
904,f1490
905,f1773
906,f948
907,f2625
908,f1810
909,f1742
910,f1228
911,f1858
912,f945
913,f1655
914,f2934
915,f1166
916,f2592
917,f737
918,f961
919,f1869
920,f978
921,f934
922,f2288
923,f739
924,f1662
925,f2759
926,f2915
927,f903
928,f2743
929,f913
930,f1267
931,f2184
932,f1992
933,f1489
934,f2393
935,f3154
936,f2939
937,f2815
938,f2609
939,f693
940,f3007
941,f912
942,f748
943,f1714
944,f1696
945,f1434
946,f717
947,f1762
948,f2030
949,f1603
950,f1923
951,f2871
952,f1175
953,f2932
954,f2511
955,f700
956,f779
957,f2188
958,f743
959,f2912
960,f1851
961,f2782
962,f1325
963,f2988
964,f863
965,f1933
966,f2905
967,f810
968,f2374
969,f1877
970,f1081
971,f1963
972,f644
973,f2408
974,f2242
975,f1151
976,f2821
977,f2006
978,f2972
979,f2398
980,f2133
981,f1209
982,f2083
983,f2324
984,f2257
985,f1479
986,f1893
987,f1725
988,f2766
989,f1530
990,f1392
991,f2717
992,f1187
993,f2241
994,f1062
995,f930
996,f1996
997,f1058
998,f2059
999,f2926
1000,f2799
1001,f2265
1002,f2520
1003,f2459
1004,f3102
1005,f1909
1006,f1137
1007,f1789
1008,f2944
1009,f2047
1010,f3104
1011,f636
1012,f1003
1013,f1673
1014,f1989
1015,f938
1016,f2829
1017,f1899
1018,f1638
1019,f2780
1020,f2832
1021,f814
1022,f3006
1023,f1765
1024,f1176
1025,f2790
1026,f798
1027,f2791
1028,f1022
1029,f2322
1030,f879
1031,f2003
1032,f2461
1033,f1689
1034,f673
1035,f1797
1036,f1547
1037,f3106
1038,f1201
1039,f2947
1040,f2725
1041,f2763
1042,f2014
1043,f1281
1044,f2499
1045,f2564
1046,f2897
1047,f2698
1048,f2368
1049,f1618
1050,f2417
1051,f1073
1052,f862
1053,f2498
1054,f3039
1055,f2369
1056,f2116
1057,f2649
1058,f2489
1059,f2182
1060,f1889
1061,f2542
1062,f1018
1063,f2355
1064,f3179
1065,f1579
1066,f2671
1067,f936
1068,f2309
1069,f1283
1070,f1986
1071,f3009
1072,f2802
1073,f952
1074,f2598
1075,f706
1076,f1777
1077,f1519
1078,f2387
1079,f2622
1080,f2744
1081,f1163
1082,f2101
1083,f2125
1084,f855
1085,f1665
1086,f2873
1087,f1406
1088,f1983
1089,f2699
1090,f1039
1091,f2293
1092,f663
1093,f2330
1094,f880
1095,f2748
1096,f2123
1097,f1356
1098,f866
1099,f1903
1100,f2678
1101,f2035
1102,f769
1103,f1927
1104,f2826
1105,f1459
1106,f1028
1107,f885
1108,f2226
1109,f2927
1110,f3169
1111,f2898
1112,f984
1113,f2344
1114,f1366
1115,f1920
1116,f1170
1117,f2969
1118,f1816
1119,f3151
1120,f1848
1121,f2670
1122,f2952
1123,f942
1124,f2449
1125,f2842
1126,f1052
1127,f2134
1128,f3172
1129,f2971
1130,f2348
1131,f829
1132,f2606
1133,f3086
1134,f2349
1135,f1023
1136,f1335
1137,f2121
1138,f1414
1139,f1027
1140,f2852
1141,f2439
1142,f2532
1143,f1818
1144,f3177
1145,f1167
1146,f2173
1147,f2663
1148,f1458
1149,f2552
1150,f1305
1151,f2902
1152,f2013
1153,f2370
1154,f1412
1155,f939
1156,f1078
1157,f838
1158,f2291
1159,f1906
1160,f1700
1161,f3147
1162,f1316
1163,f2214
1164,f909
1165,f3114
1166,f2321
1167,f839
1168,f1326
1169,f2310
1170,f2547
1171,f1626
1172,f1753
1173,f1011
1174,f2957
1175,f918
1176,f657
1177,f3077
1178,f3014
1179,f1640
1180,f2177
1181,f1256
1182,f3137
1183,f1225
1184,f977
1185,f1701
1186,f3091
1187,f1426
1188,f1238
1189,f674
1190,f843
1191,f1744
1192,f1723
1193,f1424
1194,f3170
1195,f2061
1196,f2366
1197,f2056
1198,f1796
1199,f2240
1200,f1775
1201,f2781
1202,f1063
1203,f1263
1204,f1587
1205,f2989
1206,f1654
1207,f1745
1208,f1290
1209,f2813
1210,f1643
1211,f2929
1212,f2078
1213,f1168
1214,f2287
1215,f2425
1216,f2317
1217,f2920
1218,f1254
1219,f1610
1220,f2375
1221,f2190
1222,f1393
1223,f1294
1224,f2378
1225,f2456
1226,f1724
1227,f1185
1228,f1118
1229,f2017
1230,f1416
1231,f2857
1232,f3095
1233,f1506
1234,f1221
1235,f2193
1236,f2797
1237,f2160
1238,f2709
1239,f922
1240,f1842
1241,f3013
1242,f1074
1243,f755
1244,f2634
1245,f1835
1246,f2968
1247,f784
1248,f1524
1249,f2245
1250,f1566
1251,f2659
1252,f1500
1253,f3124
1254,f928
1255,f1639
1256,f2783
1257,f1472
1258,f1213
1259,f2896
1260,f2095
1261,f1669
1262,f3011
1263,f991
1264,f1711
1265,f2892
1266,f2812
1267,f2962
1268,f2596
1269,f1113
1270,f1407
1271,f825
1272,f1162
1273,f2865
1274,f2227
1275,f1041
1276,f2347
1277,f3181
1278,f1710
1279,f2481
1280,f2554
1281,f1598
1282,f944
1283,f2419
1284,f2610
1285,f2718
1286,f1661
1287,f1048
1288,f2192
1289,f2228
1290,f3176
1291,f666
1292,f1184
1293,f917
1294,f2793
1295,f2396
1296,f1374
1297,f1678
1298,f2164
1299,f752
1300,f2728
1301,f3175
1302,f2158
1303,f1413
1304,f1329
1305,f2055
1306,f1550
1307,f2551
1308,f2234
1309,f727
1310,f2390
1311,f2694
1312,f686
1313,f2761
1314,f1981
1315,f1218
1316,f2611
1317,f1096
1318,f2136
1319,f2490
1320,f2519
1321,f2817
1322,f1277
1323,f2786
1324,f2092
1325,f827
1326,f1802
1327,f2064
1328,f2740
1329,f1621
1330,f2680
1331,f1693
1332,f2127
1333,f2669
1334,f3076
1335,f2730
1336,f2165
1337,f1908
1338,f2202
1339,f2243
1340,f1698
1341,f1197
1342,f3030
1343,f771
1344,f1940
1345,f947
1346,f1925
1347,f777
1348,f1556
1349,f1111
1350,f2700
1351,f2600
1352,f1232
1353,f2604
1354,f1012
1355,f888
1356,f1881
1357,f3080
1358,f1136
1359,f1461
1360,f937
1361,f2958
1362,f2103
1363,f1123
1364,f1158
1365,f701
1366,f2420
1367,f2168
1368,f2804
1369,f2553
1370,f941
1371,f1323
1372,f851
1373,f2722
1374,f2534
1375,f3071
1376,f2682
1377,f795
1378,f2476
1379,f1915
1380,f1681
1381,f2527
1382,f2049
1383,f1444
1384,f3160
1385,f1116
1386,f1567
1387,f2385
1388,f2792
1389,f2216
1390,f2150
1391,f698
1392,f791
1393,f2586
1394,f2422
1395,f1065
1396,f1590
1397,f2533
1398,f2026
1399,f873
1400,f2327
1401,f1034
1402,f2983
1403,f1165
1404,f2515
1405,f1527
1406,f2621
1407,f3056
1408,f1516
1409,f877
1410,f2597
1411,f2019
1412,f3026
1413,f2492
1414,f1398
1415,f2837
1416,f2089
1417,f2883
1418,f2031
1419,f2010
1420,f1337
1421,f1822
1422,f672
1423,f2522
1424,f2096
1425,f1236
1426,f2675
1427,f2208
1428,f1420
1429,f2442
1430,f2733
1431,f2141
1432,f2315
1433,f1437
1434,f1015
1435,f1342
1436,f2186
1437,f816
1438,f911
1439,f2995
1440,f3174
1441,f2715
1442,f1740
1443,f1951
1444,f2570
1445,f2189
1446,f1360
1447,f1032
1448,f1322
1449,f924
1450,f1268
1451,f639
1452,f1126
1453,f3125
1454,f3008
1455,f872
1456,f1114
1457,f2503
1458,f1306
1459,f818
1460,f1454
1461,f2736
1462,f647
1463,f1535
1464,f1351
1465,f2603
1466,f3000
1467,f2029
1468,f2457
1469,f1900
1470,f3144
1471,f1656
1472,f3034
1473,f1582
1474,f3152
1475,f1099
1476,f2292
1477,f1888
1478,f2441
1479,f1333
1480,f1404
1481,f633
1482,f1422
1483,f2314
1484,f2540
1485,f2652
1486,f1112
1487,f2057
1488,f2070
1489,f789
1490,f2372
1491,f1685
1492,f684
1493,f1040
1494,f2381
1495,f2701
1496,f2359
1497,f1402
1498,f1053
1499,f2757
1500,f1580
1501,f2306
1502,f2732
1503,f2328
1504,f870
1505,f2232
1506,f1047
1507,f677
1508,f2539
1509,f886
1510,f943
1511,f708
1512,f1037
1513,f1813
1514,f1830
1515,f895
1516,f2222
1517,f2135
1518,f2777
1519,f2672
1520,f715
1521,f1834
1522,f1286
1523,f2108
1524,f2130
1525,f2169
1526,f1095
1527,f1089
1528,f2338
1529,f1563
1530,f1278
1531,f2878
1532,f650
1533,f2175
1534,f685
1535,f2470
1536,f3117
1537,f1020
1538,f2673
1539,f2536
1540,f2676
1541,f815
1542,f1543
1543,f2546
1544,f2486
1545,f669
1546,f954
1547,f1119
1548,f1657
1549,f2846
1550,f2729
1551,f2380
1552,f2650
1553,f2340
1554,f2984
1555,f1511
1556,f2332
1557,f1560
1558,f3072
1559,f1604
1560,f2677
1561,f1584
1562,f1634
1563,f1239
1564,f1841
1565,f2354
1566,f1513
1567,f2304
1568,f2861
1569,f2050
1570,f2803
1571,f2262
1572,f856
1573,f678
1574,f2426
1575,f1350
1576,f2042
1577,f915
1578,f2415
1579,f2749
1580,f1172
1581,f1559
1582,f3044
1583,f2795
1584,f1964
1585,f2076
1586,f962
1587,f670
1588,f1301
1589,f3141
1590,f979
1591,f3107
1592,f2383
1593,f2986
1594,f2907
1595,f1652
1596,f955
1597,f1025
1598,f914
1599,f796
1600,f1273
1601,f2259
1602,f1242
1603,f3061
1604,f1839
1605,f1619
1606,f2855
1607,f896
1608,f946
1609,f1344
1610,f2289
1611,f742
1612,f2850
1613,f2032
1614,f2279
1615,f2630
1616,f2788
1617,f2270
1618,f1115
1619,f2463
1620,f1057
1621,f2545
1622,f1008
1623,f1433
1624,f3150
1625,f2223
1626,f2970
1627,f2727
1628,f2043
1629,f691
1630,f2427
1631,f1241
1632,f1144
1633,f2271
1634,f648
1635,f2910
1636,f830
1637,f2770
1638,f2579
1639,f774
1640,f2745
1641,f1297
1642,f846
1643,f2001
1644,f2760
1645,f2009
1646,f845
1647,f1006
1648,f2391
1649,f1585
1650,f898
1651,f3126
1652,f1117
1653,f2591
1654,f1649
1655,f1274
1656,f1019
1657,f2834
1658,f2626
1659,f3085
1660,f2607
1661,f635
1662,f2679
1663,f1635
1664,f1049
1665,f1825
1666,f1377
1667,f1191
1668,f1760
1669,f1193
1670,f3149
1671,f1395
1672,f1508
1673,f1332
1674,f2721
1675,f2901
1676,f974
1677,f3051
1678,f2179
1679,f2206
1680,f2750
1681,f1279
1682,f3148
1683,f1190
1684,f1415
1685,f3001
1686,f1738
1687,f1473
1688,f1934
1689,f1763
1690,f2845
1691,f2312
1692,f1214
1693,f1493
1694,f643
1695,f2584
1696,f2835
1697,f1038
1698,f1013
1699,f2874
1700,f1293
1701,f786
1702,f1502
1703,f1764
1704,f1571
1705,f1837
1706,f1680
1707,f3100
1708,f768
1709,f2851
1710,f1389
1711,f2090
1712,f2157
1713,f3052
1714,f794
1715,f1445
1716,f1812
1717,f2052
1718,f1793
1719,f2178
1720,f2443
1721,f1189
1722,f2724
1723,f842
1724,f1029
1725,f1832
1726,f1757
1727,f1212
1728,f1819
1729,f2877
1730,f1090
1731,f969
1732,f2801
1733,f847
1734,f2753
1735,f857
1736,f3035
1737,f2066
1738,f1388
1739,f2854
1740,f1754
1741,f3019
1742,f2916
1743,f1315
1744,f1354
1745,f2568
1746,f1528
1747,f2482
1748,f3081
1749,f1622
1750,f1097
1751,f1824
1752,f1215
1753,f1791
1754,f1468
1755,f1540
1756,f1077
1757,f2666
1758,f2454
1759,f1475
1760,f1298
1761,f869
1762,f2767
1763,f2360
1764,f3049
1765,f1101
1766,f1376
1767,f1007
1768,f1093
1769,f1736
1770,f920
1771,f1107
1772,f890
1773,f1542
1774,f2487
1775,f634
1776,f2605
1777,f2737
1778,f2079
1779,f1746
1780,f3133
1781,f2720
1782,f1431
1783,f2430
1784,f1781
1785,f2769
1786,f1787
1787,f3092
1788,f1361
1789,f1495
1790,f2100
1791,f1833
1792,f1814
1793,f1555
1794,f1497
1795,f1299
1796,f2115
1797,f2997
1798,f2752
1799,f675
1800,f1602
1801,f2018
1802,f1728
1803,f1510
1804,f1367
1805,f2581
1806,f1226
1807,f828
1808,f1682
1809,f1836
1810,f1666
1811,f953
1812,f2468
1813,f1451
1814,f2401
1815,f1617
1816,f1463
1817,f2343
1818,f2526
1819,f1684
1820,f1161
1821,f1766
1822,f688
1823,f2082
1824,f2571
1825,f1838
1826,f2297
1827,f2122
1828,f3173
1829,f2742
1830,f1085
1831,f2104
1832,f2311
1833,f1180
1834,f848
1835,f2075
1836,f1892
1837,f1884
1838,f1303
1839,f1068
1840,f1471
1841,f1703
1842,f1146
1843,f3003
1844,f2305
1845,f3021
1846,f2881
1847,f2495
1848,f3047
1849,f2889
1850,f2254
1851,f2974
1852,f1683
1853,f861
1854,f2345
1855,f2416
1856,f2819
1857,f1872
1858,f2077
1859,f1708
1860,f1545
1861,f3036
1862,f2844
1863,f3119
1864,f681
1865,f1726
1866,f2187
1867,f2065
1868,f1715
1869,f2513
1870,f2523
1871,f2074
1872,f2734
1873,f1421
1874,f1890
1875,f2403
1876,f1928
1877,f1035
1878,f1155
1879,f1544
1880,f1330
1881,f1141
1882,f1230
1883,f1321
1884,f2224
1885,f2072
1886,f1387
1887,f2053
1888,f1755
1889,f2654
1890,f2811
1891,f652
1892,f987
1893,f2884
1894,f1551
1895,f1898
1896,f1088
1897,f1110
1898,f975
1899,f2218
1900,f1483
1901,f3105
1902,f1623
1903,f709
1904,f1327
1905,f2170
1906,f2922
1907,f2890
1908,f1609
1909,f2364
1910,f992
1911,f2712
1912,f2194
1913,f2337
1914,f695
1915,f2501
1916,f1181
1917,f2959
1918,f1668
1919,f2440
1920,f2266
1921,f1601
1922,f1533
1923,f1296
1924,f2281
1925,f1646
1926,f2746
1927,f2371
1928,f2895
1929,f679
1930,f2805
1931,f1300
1932,f1334
1933,f1614
1934,f1829
1935,f2051
1936,f1919
1937,f2166
1938,f1087
1939,f1792
1940,f2578
1941,f2619
1942,f1453
1943,f2410
1944,f3168
1945,f1484
1946,f2362
1947,f1616
1948,f2249
1949,f2875
1950,f2452
1951,f1379
1952,f2016
1953,f2807
1954,f2640
1955,f2200
1956,f2758
1957,f1271
1958,f2143
1959,f959
1960,f1664
1961,f1770
1962,f3053
1963,f2948
1964,f3110
1965,f665
1966,f1507
1967,f1798
1968,f1477
1969,f2027
1970,f1255
1971,f2038
1972,f2859
1973,f1060
1974,f2331
1975,f1203
1976,f2211
1977,f1808
1978,f2428
1979,f1592
1980,f1252
1981,f1341
1982,f1659
1983,f2395
1984,f1840
1985,f1075
1986,f2565
1987,f746
1988,f1086
1989,f1357
1990,f2708
1991,f2839
1992,f2250
1993,f1467
1994,f2585
1995,f2627
1996,f1929
1997,f3031
1998,f1328
1999,f2508
2000,f2473
2001,f2320
2002,f1108
2003,f1827
2004,f2434
2005,f2346
2006,f897
2007,f2660
2008,f3075
2009,f747
2010,f2062
2011,f2414
2012,f1629
2013,f1246
2014,f2185
2015,f2505
2016,f664
2017,f2661
2018,f1974
2019,f904
2020,f1642
2021,f2517
2022,f2210
2023,f2384
2024,f2648
2025,f2966
2026,f2377
2027,f2120
2028,f1826
2029,f1206
2030,f2558
2031,f1631
2032,f853
2033,f1001
2034,f2458
2035,f2239
2036,f1594
2037,f3084
2038,f1308
2039,f2091
2040,f1133
2041,f2888
2042,f1850
2043,f1208
2044,f1224
2045,f766
2046,f2954
2047,f728
2048,f802
2049,f2580
2050,f2436
2051,f1788
2052,f1423
2053,f1870
2054,f1152
2055,f2286
2056,f1988
2057,f1501
2058,f1338
2059,f831
2060,f2624
2061,f2707
2062,f1586
2063,f2352
2064,f2818
2065,f721
2066,f2325
2067,f2713
2068,f1222
2069,f3185
2070,f2131
2071,f3111
2072,f1362
2073,f1727
2074,f2935
2075,f1145
2076,f1894
2077,f2431
2078,f1381
2079,f2028
2080,f906
2081,f1944
2082,f2034
2083,f1261
2084,f3116
2085,f1269
2086,f2658
2087,f2776
2088,f3167
2089,f1464
2090,f1706
2091,f3064
2092,f1882
2093,f2936
2094,f2806
2095,f2251
2096,f2941
2097,f1435
2098,f2869
2099,f1780
2100,f2252
2101,f1313
2102,f1577
2103,f933
2104,f2573
2105,f646
2106,f2822
2107,f821
2108,f1482
2109,f2448
2110,f2996
2111,f2147
2112,f1861
2113,f2705
2114,f1371
2115,f2356
2116,f3165
2117,f1677
2118,f998
2119,f1771
2120,f2212
2121,f782
2122,f983
2123,f1947
2124,f2994
2125,f764
2126,f2918
2127,f3002
2128,f882
2129,f1045
2130,f891
2131,f1809
2132,f2633
2133,f1347
2134,f1106
2135,f996
2136,f1588
2137,f3010
2138,f1122
2139,f2587
2140,f1627
2141,f3073
2142,f776
2143,f988
2144,f2798
2145,f1998
2146,f2464
2147,f2882
2148,f1975
2149,f1353
2150,f2373
2151,f837
2152,f2004
2153,f2891
2154,f1751
2155,f1289
2156,f1960
2157,f783
2158,f722
2159,f3079
2160,f1564
2161,f2023
2162,f2594
2163,f692
2164,f1302
2165,f2036
2166,f2589
2167,f699
2168,f3129
2169,f836
2170,f726
2171,f2506
2172,f767
2173,f1091
2174,f1786
2175,f1749
2176,f734
2177,f1930
2178,f1779
2179,f1801
2180,f1061
2181,f2693
2182,f1092
2183,f2353
2184,f2949
2185,f2172
2186,f1346
2187,f1171
2188,f811
2189,f1072
2190,f1178
2191,f1999
2192,f2754
2193,f1505
2194,f1237
2195,f754
2196,f2738
2197,f1355
2198,f1712
2199,f1084
2200,f2472
2201,f2998
2202,f1806
2203,f2319
2204,f929
2205,f2876
2206,f1747
2207,f2203
2208,f2167
2209,f1794
2210,f1557
2211,f2195
2212,f2631
2213,f2357
2214,f1240
2215,f1847
2216,f3101
2217,f2155
2218,f785
2219,f1418
2220,f1843
2221,f2563
2222,f1554
2223,f2923
2224,f1386
2225,f3054
2226,f1672
2227,f958
2228,f2299
2229,f799
2230,f1637
2231,f1129
2232,f3122
2233,f1460
2234,f967
2235,f2163
2236,f1670
2237,f1875
2238,f3042
2239,f2741
2240,f2789
2241,f2238
2242,f732
2243,f661
2244,f1100
2245,f1216
2246,f2154
2247,f1488
2248,f2706
2249,f735
2250,f858
2251,f1671
2252,f2525
2253,f1318
2254,f932
2255,f3163
2256,f2639
2257,f985
2258,f2477
2259,f1428
2260,f2138
2261,f2455
2262,f2451
2263,f2980
2264,f2548
2265,f1417
2266,f1009
2267,f2978
2268,f1860
2269,f2106
2270,f1628
2271,f758
2272,f1411
2273,f1059
2274,f1958
2275,f2341
2276,f653
2277,f2020
2278,f3187
2279,f1083
2280,f1596
2281,f1102
2282,f1593
2283,f3108
2284,f1857
2285,f3128
2286,f1265
2287,f1419
2288,f2616
2289,f1288
2290,f3145
2291,f1314
2292,f2642
2293,f2953
2294,f1363
2295,f3066
2296,f1399
2297,f1905
2298,f2518
2299,f1886
2300,f676
2301,f2069
2302,f1280
2303,f1349
2304,f1722
2305,f1529
2306,f2887
2307,f2263
2308,f817
2309,f1103
2310,f2774
2311,f1607
2312,f800
2313,f2493
2314,f2794
2315,f2566
2316,f2825
2317,f2485
2318,f2140
2319,f3038
2320,f1952
2321,f2528
2322,f1756
2323,f2379
2324,f2775
2325,f2976
2326,f1491
2327,f2171
2328,f687
2329,f2643
2330,f2351
2331,f2993
2332,f2885
2333,f2735
2334,f1177
2335,f923
2336,f1675
2337,f1441
2338,f819
2339,f2475
2340,f1709
2341,f3097
2342,f2437
2343,f1159
2344,f1220
2345,f1449
2346,f1132
2347,f1721
2348,f2719
2349,f2301
2350,f1284
2351,f1583
2352,f714
2353,f878
2354,f1846
2355,f809
2356,f759
2357,f1865
2358,f2946
2359,f1317
2360,f1219
2361,f2094
2362,f760
2363,f1811
2364,f1450
2365,f2847
2366,f1044
2367,f1558
2368,f1750
2369,f2153
2370,f781
2371,f2696
2372,f2559
2373,f859
2374,f3183
2375,f2162
2376,f1968
2377,f3140
2378,f2183
2379,f976
2380,f1410
2381,f1017
2382,f3043
2383,f1400
2384,f1247
2385,f2261
2386,f1204
2387,f1935
2388,f2632
2389,f2148
2390,f729
2391,f2365
2392,f2015
2393,f3188
2394,f3022
2395,f1182
2396,f2863
2397,f2608
2398,f2990
2399,f2664
2400,f2474
2401,f1149
2402,f740
2403,f1120
2404,f2339
2405,f2307
2406,f3123
2407,f2979
2408,f3115
2409,f2938
2410,f2005
2411,f2599
2412,f1817
2413,f812
2414,f2303
2415,f2864
2416,f3142
2417,f2569
2418,f2181
2419,f2361
2420,f2655
2421,f1735
2422,f2853
2423,f1526
2424,f1465
2425,f1945
2426,f2334
2427,f2269
2428,f2967
2429,f2411
2430,f2785
2431,f1938
2432,f841
2433,f1570
2434,f3041
2435,f1949
2436,f2025
2437,f2215
2438,f1589
2439,f2899
2440,f1205
2441,f884
2442,f2117
2443,f2521
2444,f1199
2445,f2549
2446,f993
2447,f3180
2448,f2572
2449,f2683
2450,f2397
2451,f1859
2452,f2504
2453,f2524
2454,f1611
2455,f2894
2456,f1866
2457,f2681
2458,f655
2459,f2146
2460,f2054
2461,f1778
2462,f1319
2463,f1054
2464,f2151
2465,f2423
2466,f1014
2467,f1082
2468,f1442
2469,f3109
2470,f2363
2471,f2421
2472,f1912
2473,f807
2474,f1156
2475,f1304
2476,f667
2477,f1050
2478,f973
2479,f1733
2480,f2796
2481,f2562
2482,f637
2483,f2858
2484,f3012
2485,f2575
2486,f1926
2487,f1375
2488,f2404
2489,f2697
2490,f1134
2491,f2392
2492,f1815
2493,f2145
2494,f916
2495,f1879
2496,f1936
2497,f3060
2498,f1625
2499,f1066
2500,f1624
2501,f1320
2502,f2198
2503,f1358
2504,f881
2505,f2531
2506,f2824
2507,f3120
2508,f1243
2509,f1695
2510,f3023
2511,f1605
2512,f1478
2513,f1217
2514,f2919
2515,f2917
2516,f2002
2517,f2703
2518,f1600
2519,f645
2520,f3096
2521,f2389
2522,f2860
2523,f2011
2524,f2588
2525,f1080
2526,f2376
2527,f756
2528,f790
2529,f3186
2530,f1455
2531,f3099
2532,f1939
2533,f820
2534,f2868
2535,f725
2536,f1253
2537,f2244
2538,f3178
2539,f2128
2540,f1932
2541,f1636
2542,f2514
2543,f1538
2544,f2691
2545,f1157
2546,f1496
2547,f1901
2548,f2358
2549,f2484
2550,f1699
2551,f1010
2552,f1051
2553,f671
2554,f744
2555,f1732
2556,f908
2557,f2491
2558,f682
2559,f2886
2560,f2862
2561,f1739
2562,f2880
2563,f865
2564,f964
2565,f2256
2566,f2132
2567,f1142
2568,f832
2569,f824
2570,f957
2571,f1973
2572,f2388
2573,f2977
2574,f1632
2575,f2550
2576,f1456
2577,f2985
2578,f778
2579,f1962
2580,f2961
2581,f1127
2582,f2638
2583,f2870
2584,f1536
2585,f1485
2586,f1844
2587,f2924
2588,f2702
2589,f1783
2590,f1782
2591,f1005
2592,f749
2593,f2333
2594,f1795
2595,f2217
2596,f2593
2597,f3138
2598,f3029
2599,f2386
2600,f2276
2601,f2820
2602,f1229
2603,f2033
2604,f2510
2605,f3087
2606,f2409
2607,f2530
2608,f3132
2609,f1504
2610,f1257
2611,f1004
2612,f1941
2613,f2567
2614,f875
2615,f2258
2616,f833
2617,f2308
2618,f1565
2619,f3018
2620,f1147
2621,f1904
2622,f2940
2623,f2556
2624,f2636
2625,f1993
2626,f3028
2627,f1820
2628,f1031
2629,f926
2630,f2937
2631,f2560
2632,f1476
2633,f2467
2634,f1094
2635,f963
2636,f1953
2637,f2097
2638,f981
2639,f1758
2640,f1231
2641,f2098
2642,f2507
2643,f1741
2644,f803
2645,f1562
2646,f1427
2647,f3078
2648,f1572
2649,f2126
2650,f804
2651,f1878
2652,f951
2653,f2964
2654,f1469
2655,f1183
2656,f2838
2657,f753
2658,f1339
2659,f3098
2660,f1776
2661,f2541
2662,f2093
2663,f960
2664,f1198
2665,f3159
2666,f968
2667,f3005
2668,f2068
2669,f2618
2670,f2267
2671,f2099
2672,f1769
2673,f2048
2674,f899
2675,f1784
2676,f2237
2677,f2615
2678,f1651
2679,f2561
2680,f2620
2681,f3143
2682,f2253
2683,f1591
2684,f3090
2685,f1235
2686,f3131
2687,f1991
2688,f1653
2689,f2866
2690,f823
2691,f2295
2692,f2686
2693,f2921
2694,f2248
2695,f2235
2696,f1164
2697,f3112
2698,f2583
2699,f1729
2700,f3040
2701,f1606
2702,f1291
2703,f1831
2704,f822
2705,f1285
2706,f2225
2707,f2544
2708,f3020
2709,f1466
2710,f793
2711,f651
2712,f2080
2713,f1578
2714,f1674
2715,f3062
2716,f1987
2717,f1575
2718,f2413
2719,f2402
2720,f2668
2721,f986
2722,f1282
2723,f1310
2724,f2255
2725,f1687
2726,f3055
2727,f1658
2728,f1608
2729,f2690
2730,f2086
2731,f2657
2732,f2913
2733,f1480
2734,f3189
2735,f1561
2736,f2041
2737,f1845
2738,f1153
2739,f2731
2740,f2928
2741,f868
2742,f2645
2743,f1394
2744,f2893
2745,f3024
2746,f2246
2747,f1641
2748,f1030
2749,f2326
2750,f864
2751,f1548
2752,f2142
2753,f1210
2754,f1821
2755,f772
2756,f2695
2757,f2180
2758,f2987
2759,f1138
2760,f1891
2761,f2629
2762,f1130
2763,f3088
2764,f1036
2765,f1914
2766,f2300
2767,f1660
2768,f2274
2769,f2960
2770,f1436
2771,f2285
2772,f2446
2773,f780
2774,f1131
2775,f1644
2776,f773
2777,f2667
2778,f1452
2779,f3157
2780,f3135
2781,f1597
2782,f1292
2783,f2219
2784,f2283
2785,f3048
2786,f1613
2787,f844
2788,f1403
2789,f2674
2790,f2856
2791,f1016
2792,f994
2793,f2538
2794,f1396
2795,f1234
2796,f2613
2797,f989
2798,f2496
2799,f1686
2800,f2908
2801,f2665
2802,f1978
2803,f2687
2804,f1448
2805,f2233
2806,f2113
2807,f1853
2808,f1307
2809,f1648
2810,f2000
2811,f1194
2812,f3103
2813,f806
2814,f2590
2815,f659
2816,f2460
2817,f2220
2818,f703
2819,f731
2820,f1494
2821,f2914
2822,f1730
2823,f1704
2824,f1804
2825,f1663
2826,f741
2827,f1633
2828,f1972
2829,f2726
2830,f894
2831,f1196
2832,f2909
2833,f640
2834,f2479
2835,f1768
2836,f1345
2837,f2656
2838,f788
2839,f1752
2840,f1179
2841,f2205
2842,f2543
2843,f2662
2844,f1980
2845,f2399
2846,f1447
2847,f893
2848,f1880
2849,f1425
2850,f2981
2851,f1312
2852,f999
2853,f1705
2854,f775
2855,f834
2856,f2278
2857,f907
2858,f2221
2859,f1067
2860,f3065
2861,f2280
2862,f3037
2863,f1645
2864,f761
2865,f2903
2866,f826
2867,f1259
2868,f1924
2869,f1937
2870,f883
2871,f900
2872,f1021
2873,f3171
2874,f1370
2875,f1104
2876,f1761
2877,f1443
2878,f2296
2879,f2646
2880,f1948
2881,f1650
2882,f1070
2883,f1401
2884,f1331
2885,f2651
2886,f1718
2887,f935
2888,f2637
2889,f1805
2890,f2318
2891,f3162
2892,f1024
2893,f1105
2894,f1966
2895,f707
2896,f1630
2897,f2614
2898,f1525
2899,f2438
2900,f1064
2901,f921
2902,f1258
2903,f2342
2904,f705
2905,f1918
2906,f3074
2907,f1192
2908,f2466
2909,f1160
2910,f3089
2911,f2535
2912,f2779
2913,f1734
2914,f2739
2915,f2176
2916,f1823
2917,f2060
2918,f1595
2919,f2040
2920,f2814
2921,f3068
2922,f805
2923,f901
2924,f750
2925,f1970
2926,f2601
2927,f965
2928,f1867
2929,f1520
2930,f3004
2931,f1043
2932,f2071
2933,f1503
2934,f2576
2935,f2024
2936,f1056
2937,f1250
2938,f2488
2939,f1233
2940,f2808
2941,f1942
2942,f641
2943,f1512
2944,f656
2945,f927
2946,f2469
2947,f1042
2948,f2382
2949,f3164
2950,f874
2951,f1931
2952,f2260
2953,f2867
2954,f3025
2955,f1612
2956,f1956
2957,f2161
2958,f1523
2959,f1862
2960,f733
2961,f3050
2962,f1148
2963,f1128
2964,f949
2965,f2723
2966,f1828
2967,f1907
2968,f2152
2969,f2765
2970,f1439
2971,f2879
2972,f2406
2973,f1887
2974,f1174
2975,f2405
2976,f1615
2977,f2497
2978,f2085
2979,f2911
2980,f1154
2981,f1720
2982,f1276
2983,f1895
2984,f1397
2985,f2653
2986,f1911
2987,f2350
2988,f2462
2989,f2453
2990,f1541
2991,f1227
2992,f2196
2993,f2500
2994,f1897
2995,f2692
2996,f808
2997,f654
2998,f3063
2999,f3046
3000,f2537
3001,f1707
3002,f1599
3003,f2335
3004,f3094
3005,f1343
3006,f2444
3007,f1979
3008,f2710
3009,f2955
3010,f1098
3011,f867
3012,f2329
3013,f1245
3014,f2268
3015,f902
3016,f2302
3017,f723
3018,f1803
3019,f2424
3020,f2689
3021,f1569
3022,f990
3023,f1324
3024,f2816
3025,f2088
3026,f2635
3027,f1409
3028,f2159
3029,f2229
3030,f2400
3031,f1248
3032,f2008
3033,f2512
3034,f1509
3035,f2787
3036,f980
3037,f713
3038,f3121
3039,f970
3040,f1954
3041,f2943
3042,f1002
3043,f662
3044,f3070
3045,f2516
3046,f1000
3047,f2555
3048,f1950
3049,f1200
3050,f3017
3051,f1767
3052,f1295
3053,f1244
3054,f3083
3055,f1716
3056,f3184
3057,f1855
3058,f757
3059,f2204
3060,f1985
3061,f1807
3062,f2925
3063,f1055
3064,f689
3065,f849
3066,f1856
3067,f2367
3068,f1405
3069,f1135
3070,f1446
3071,f2628
3072,f711
3073,f1868
3074,f1266
3075,f2773
3076,f2039
3077,f860
3078,f2965
3079,f1785
3080,f2810
3081,f950
3082,f1852
3083,f1743
3084,f3134
3085,f1275
3086,f2800
3087,f850
3088,f2644
3089,f2105
3090,f1202
3091,f3158
3092,f1534
3093,f2945
3094,f730
3095,f1982
3096,f3155
3097,f1124
3098,f1576
3099,f1647
3100,f1272
3101,f1957
3102,f1487
3103,f1522
3104,f2904
3105,f2247
3106,f680
3107,f1369
3108,f2751
3109,f1249
3110,f2942
3111,f2841
3112,f1537
3113,f1438
3114,f1969
3115,f1309
3116,f871
3117,f1874
3118,f1514
3119,f2557
3120,f2412
3121,f1922
3122,f1470
3123,f1173
3124,f956
3125,f1430
3126,f1336
3127,f2714
3128,f1432
3129,f1069
3130,f3027
3131,f1140
3132,f704
3133,f813
3134,f2480
3135,f2784
3136,f852
3137,f1849
3138,f2641
3139,f3127
3140,f1976
3141,f2273
3142,f2445
3143,f2483
3144,f2771
3145,f2849
3146,f690
3147,f1499
3148,f2840
3149,f2124
3150,f1864
3151,f2201
3152,f1492
3153,f2747
3154,f720
3155,f3069
3156,f1553
3157,f2282
3158,f1270
3159,f3113
3160,f2007
3161,f854
3162,f2688
3163,f2236
3164,f2755
3165,f2999
3166,f1885
3167,f1311
3168,f3082
3169,f1486
3170,f2174
3171,f1340
3172,f1692
3173,f696
3174,f1799
3175,f1854
3176,f1774
3177,f1731
3178,f2336
3179,f762
3180,f694
3181,f1125
3182,f724
3183,f2046
3184,f1287
3185,f1984
3186,f1251
3187,f1143
3188,f1971
3189,f1994
3190,f1429
3191,f1959
3192,f716
3193,f3332
3194,f3348
3195,f3398
3196,f3535
3197,f3321
3198,f3316
3199,f3231
3200,f3381
3201,f3297
3202,f3287
3203,f3601
3204,f3373
3205,f3331
3206,f3217
3207,f3543
3208,f3320
3209,f3418
3210,f3356
3211,f3493
3212,f3465
3213,f3361
3214,f3499
3215,f3344
3216,f3539
3217,f3338
3218,f3249
3219,f3411
3220,f3393
3221,f3272
3222,f3563
3223,f3569
3224,f3314
3225,f3592
3226,f3438
3227,f3526
3228,f3311
3229,f3364
3230,f3303
3231,f3306
3232,f3573
3233,f3422
3234,f3330
3235,f3456
3236,f3472
3237,f3595
3238,f3585
3239,f3453
3240,f3252
3241,f3190
3242,f3420
3243,f3224
3244,f3213
3245,f3498
3246,f3310
3247,f3531
3248,f3574
3249,f3254
3250,f3598
3251,f3201
3252,f3558
3253,f3463
3254,f3534
3255,f3208
3256,f3482
3257,f3603
3258,f3253
3259,f3540
3260,f3497
3261,f3513
3262,f3586
3263,f3377
3264,f3372
3265,f3198
3266,f3446
3267,f3329
3268,f3226
3269,f3435
3270,f3383
3271,f3409
3272,f3399
3273,f3365
3274,f3362
3275,f3575
3276,f3367
3277,f3460
3278,f3379
3279,f3516
3280,f3525
3281,f3289
3282,f3578
3283,f3529
3284,f3286
3285,f3583
3286,f3421
3287,f3293
3288,f3491
3289,f3441
3290,f3408
3291,f3590
3292,f3547
3293,f3263
3294,f3548
3295,f3581
3296,f3214
3297,f3455
3298,f3242
3299,f3552
3300,f3346
3301,f3300
3302,f3457
3303,f3464
3304,f3235
3305,f3507
3306,f3579
3307,f3492
3308,f3564
3309,f3524
3310,f3230
3311,f3298
3312,f3555
3313,f3327
3314,f3309
3315,f3477
3316,f3404
3317,f3233
3318,f3436
3319,f3354
3320,f3452
3321,f3195
3322,f3566
3323,f3339
3324,f3591
3325,f3480
3326,f3363
3327,f3352
3328,f3557
3329,f3245
3330,f3478
3331,f3428
3332,f3604
3333,f3538
3334,f3197
3335,f3459
3336,f3358
3337,f3318
3338,f3589
3339,f3375
3340,f3570
3341,f3243
3342,f3273
3343,f3600
3344,f3504
3345,f3532
3346,f3277
3347,f3259
3348,f3266
3349,f3560
3350,f3206
3351,f3514
3352,f3469
3353,f3429
3354,f3215
3355,f3313
3356,f3522
3357,f3533
3358,f3412
3359,f3239
3360,f3403
3361,f3202
3362,f3240
3363,f3593
3364,f3295
3365,f3468
3366,f3549
3367,f3374
3368,f3496
3369,f3483
3370,f3530
3371,f3410
3372,f3475
3373,f3312
3374,f3427
3375,f3481
3376,f3397
3377,f3378
3378,f3334
3379,f3470
3380,f3275
3381,f3315
3382,f3605
3383,f3222
3384,f3368
3385,f3394
3386,f3268
3387,f3528
3388,f3567
3389,f3505
3390,f3342
3391,f3433
3392,f3390
3393,f3432
3394,f3196
3395,f3192
3396,f3602
3397,f3415
3398,f3495
3399,f3211
3400,f3194
3401,f3278
3402,f3551
3403,f3389
3404,f3232
3405,f3366
3406,f3246
3407,f3359
3408,f3270
3409,f3387
3410,f3425
3411,f3489
3412,f3345
3413,f3271
3414,f3223
3415,f3353
3416,f3350
3417,f3594
3418,f3340
3419,f3520
3420,f3385
3421,f3341
3422,f3205
3423,f3299
3424,f3256
3425,f3260
3426,f3281
3427,f3580
3428,f3582
3429,f3501
3430,f3248
3431,f3218
3432,f3391
3433,f3349
3434,f3317
3435,f3442
3436,f3307
3437,f3503
3438,f3576
3439,f3417
3440,f3264
3441,f3323
3442,f3568
3443,f3444
3444,f3279
3445,f3559
3446,f3509
3447,f3511
3448,f3360
3449,f3392
3450,f3210
3451,f3304
3452,f3269
3453,f3395
3454,f3479
3455,f3384
3456,f3237
3457,f3236
3458,f3406
3459,f3553
3460,f3337
3461,f3431
3462,f3448
3463,f3225
3464,f3467
3465,f3234
3466,f3405
3467,f3434
3468,f3382
3469,f3400
3470,f3371
3471,f3276
3472,f3288
3473,f3424
3474,f3440
3475,f3265
3476,f3461
3477,f3227
3478,f3597
3479,f3494
3480,f3587
3481,f3550
3482,f3517
3483,f3204
3484,f3449
3485,f3596
3486,f3294
3487,f3490
3488,f3369
3489,f3322
3490,f3402
3491,f3447
3492,f3588
3493,f3336
3494,f3451
3495,f3536
3496,f3510
3497,f3261
3498,f3283
3499,f3319
3500,f3357
3501,f3519
3502,f3238
3503,f3486
3504,f3544
3505,f3508
3506,f3437
3507,f3386
3508,f3577
3509,f3209
3510,f3512
3511,f3292
3512,f3561
3513,f3247
3514,f3562
3515,f3241
3516,f3370
3517,f3476
3518,f3471
3519,f3423
3520,f3228
3521,f3414
3522,f3454
3523,f3282
3524,f3305
3525,f3430
3526,f3355
3527,f3445
3528,f3324
3529,f3280
3530,f3251
3531,f3473
3532,f3301
3533,f3443
3534,f3199
3535,f3347
3536,f3426
3537,f3506
3538,f3527
3539,f3229
3540,f3584
3541,f3326
3542,f3515
3543,f3484
3544,f3328
3545,f3488
3546,f3523
3547,f3439
3548,f3376
3549,f3537
3550,f3572
3551,f3401
3552,f3607
3553,f3219
3554,f3380
3555,f3599
3556,f3216
3557,f3325
3558,f3416
3559,f3255
3560,f3606
3561,f3343
3562,f3419
3563,f3541
3564,f3207
3565,f3221
3566,f3542
3567,f3413
3568,f3565
3569,f3466
3570,f3556
3571,f3203
3572,f3290
3573,f3257
3574,f3267
3575,f3284
3576,f3450
3577,f3285
3578,f3554
3579,f3502
3580,f3396
3581,f3571
3582,f3274
3583,f3462
3584,f3302
3585,f3191
3586,f3212
3587,f3518
3588,f3200
3589,f3244
3590,f3485
3591,f3388
3592,f3521
3593,f3351
3594,f3335
3595,f3545
3596,f3407
3597,f3546
3598,f3258
3599,f3458
3600,f3474
3601,f3296
3602,f3193
3603,f3308
3604,f3487
3605,f3220
3606,f3250
3607,f3333
3608,f3262
3609,f3500
3610,f3291
3611,f3608
3612,f3610
3613,f3612
3614,f3632
3615,f3627
3616,f3620
3617,f3619
3618,f3615
3619,f3618
3620,f3614
3621,f3666
3622,f3648
3623,f3663
3624,f3636
3625,f3679
3626,f3661
3627,f3633
3628,f3647
3629,f3675
3630,f3635
3631,f3665
3632,f3668
3633,f3638
3634,f3622
3635,f3617
3636,f3625
3637,f3611
3638,f3629
3639,f3621
3640,f3613
3641,f3626
3642,f3609
3643,f3630
3644,f3623
3645,f3631
3646,f3624
3647,f3616
3648,f3628
3649,f3644
3650,f3677
3651,f3662
3652,f3634
3653,f3680
3654,f3640
3655,f3674
3656,f3669
3657,f3654
3658,f3650
3659,f3643
3660,f3681
3661,f3656
3662,f3664
3663,f3660
3664,f3672
3665,f3653
3666,f3639
3667,f3676
3668,f3678
3669,f3646
3670,f3682
3671,f3655
3672,f3651
3673,f3649
3674,f3671
3675,f3670
3676,f3642
3677,f3641
3678,f3645
3679,f3652
3680,f3637
3681,f3667
3682,f3659
3683,f3658
3684,f3673
3685,f3657
3686,f3697
3687,f3691
3688,f3753
3689,f3699
3690,f3738
3691,f3758
3692,f3748
3693,f3749
3694,f3726
3695,f3769
3696,f3716
3697,f3754
3698,f3739
3699,f3766
3700,f3701
3701,f3735
3702,f3742
3703,f3731
3704,f3688
3705,f3756
3706,f3750
3707,f3706
3708,f3761
3709,f3770
3710,f3764
3711,f3763
3712,f3736
3713,f3687
3714,f3765
3715,f3732
3716,f3723
3717,f3713
3718,f3698
3719,f3725
3720,f3728
3721,f3744
3722,f3751
3723,f3720
3724,f3710
3725,f3733
3726,f3730
3727,f3708
3728,f3689
3729,f3718
3730,f3727
3731,f3740
3732,f3747
3733,f3752
3734,f3684
3735,f3734
3736,f3760
3737,f3709
3738,f3694
3739,f3737
3740,f3705
3741,f3704
3742,f3717
3743,f3755
3744,f3703
3745,f3683
3746,f3715
3747,f3741
3748,f3729
3749,f3714
3750,f3768
3751,f3745
3752,f3746
3753,f3767
3754,f3719
3755,f3712
3756,f3695
3757,f3743
3758,f3696
3759,f3690
3760,f3707
3761,f3759
3762,f3700
3763,f3721
3764,f3692
3765,f3724
3766,f3702
3767,f3711
3768,f3686
3769,f3722
3770,f3762
3771,f3693
3772,f3757
3773,f3685
3774,f3771
3775,f3988
3776,f3980
3777,f3957
3778,f3825
3779,f4033
3780,f3875
3781,f3905
3782,f3886
3783,f3931
3784,f4017
3785,f3817
3786,f3909
3787,f3874
3788,f3859
3789,f3927
3790,f3993
3791,f3795
3792,f3833
3793,f3812
3794,f3891
3795,f3930
3796,f3912
3797,f3943
3798,f3951
3799,f4015
3800,f3839
3801,f3904
3802,f3800
3803,f3975
3804,f4038
3805,f3779
3806,f4034
3807,f3963
3808,f3910
3809,f3847
3810,f3964
3811,f3895
3812,f3804
3813,f3934
3814,f3818
3815,f3940
3816,f3970
3817,f3862
3818,f3805
3819,f3876
3820,f3845
3821,f3939
3822,f3806
3823,f3941
3824,f3973
3825,f3814
3826,f3810
3827,f3787
3828,f3773
3829,f4001
3830,f4003
3831,f3983
3832,f3967
3833,f3913
3834,f3807
3835,f3892
3836,f3914
3837,f3837
3838,f4006
3839,f3977
3840,f3816
3841,f3867
3842,f3953
3843,f4036
3844,f4000
3845,f3808
3846,f3901
3847,f3788
3848,f3969
3849,f3952
3850,f4037
3851,f3838
3852,f3987
3853,f4014
3854,f4035
3855,f3793
3856,f3843
3857,f3950
3858,f3834
3859,f3827
3860,f3991
3861,f3926
3862,f3885
3863,f4019
3864,f3984
3865,f3786
3866,f4028
3867,f3841
3868,f3915
3869,f3848
3870,f3920
3871,f3860
3872,f3925
3873,f4043
3874,f4023
3875,f3776
3876,f3823
3877,f4021
3878,f3976
3879,f3949
3880,f3772
3881,f3868
3882,f3898
3883,f3888
3884,f3982
3885,f3811
3886,f3972
3887,f4018
3888,f3974
3889,f3946
3890,f3954
3891,f3997
3892,f3944
3893,f4039
3894,f3852
3895,f3872
3896,f3922
3897,f3828
3898,f4016
3899,f3897
3900,f3798
3901,f3829
3902,f3856
3903,f3858
3904,f4032
3905,f4042
3906,f3906
3907,f4002
3908,f3924
3909,f3791
3910,f3889
3911,f3857
3912,f3965
3913,f3937
3914,f3962
3915,f3899
3916,f3789
3917,f3890
3918,f3923
3919,f3916
3920,f3877
3921,f3866
3922,f3966
3923,f3774
3924,f3879
3925,f3936
3926,f3883
3927,f3873
3928,f3978
3929,f3850
3930,f3822
3931,f3794
3932,f3959
3933,f3864
3934,f3869
3935,f3893
3936,f4012
3937,f3998
3938,f3981
3939,f3821
3940,f3884
3941,f4010
3942,f3782
3943,f4031
3944,f3870
3945,f3815
3946,f3958
3947,f3945
3948,f3880
3949,f4022
3950,f3802
3951,f3780
3952,f3933
3953,f3826
3954,f3840
3955,f3911
3956,f3955
3957,f3835
3958,f3992
3959,f3995
3960,f4008
3961,f3871
3962,f3831
3963,f3932
3964,f4030
3965,f3832
3966,f3801
3967,f4009
3968,f3881
3969,f3929
3970,f3865
3971,f3968
3972,f3917
3973,f3961
3974,f3784
3975,f3790
3976,f3878
3977,f4004
3978,f3846
3979,f3819
3980,f4005
3981,f4020
3982,f3777
3983,f4040
3984,f3900
3985,f4026
3986,f3902
3987,f3960
3988,f3956
3989,f3919
3990,f3887
3991,f3861
3992,f4013
3993,f3792
3994,f3971
3995,f3799
3996,f4029
3997,f3813
3998,f4007
3999,f4011
4000,f3986
4001,f3785
4002,f3844
4003,f3979
4004,f3928
4005,f3849
4006,f3921
4007,f3775
4008,f3854
4009,f3820
4010,f3935
4011,f3783
4012,f3853
4013,f3938
4014,f3803
4015,f3797
4016,f3947
4017,f3907
4018,f3996
4019,f3851
4020,f3855
4021,f3863
4022,f3781
4023,f3830
4024,f3824
4025,f4041
4026,f3985
4027,f3942
4028,f3778
4029,f3989
4030,f3896
4031,f3836
4032,f3894
4033,f3882
4034,f3994
4035,f4024
4036,f3809
4037,f4027
4038,f3796
4039,f4025
4040,f3999
4041,f3918
4042,f3903
4043,f3990
4044,f3948
4045,f3842
4046,f3908
4047,f4137
4048,f4050
4049,f4070
4050,f4157
4051,f4133
4052,f4073
4053,f4117
4054,f4088
4055,f4107
4056,f4056
4057,f4146
4058,f4165
4059,f4183
4060,f4173
4061,f4086
4062,f4171
4063,f4098
4064,f4065
4065,f4167
4066,f4142
4067,f4138
4068,f4175
4069,f4149
4070,f4182
4071,f4118
4072,f4046
4073,f4114
4074,f4172
4075,f4122
4076,f4120
4077,f4072
4078,f4078
4079,f4060
4080,f4134
4081,f4051
4082,f4047
4083,f4113
4084,f4129
4085,f4169
4086,f4104
4087,f4087
4088,f4166
4089,f4112
4090,f4164
4091,f4124
4092,f4154
4093,f4151
4094,f4174
4095,f4155
4096,f4121
4097,f4101
4098,f4110
4099,f4116
4100,f4170
4101,f4069
4102,f4176
4103,f4115
4104,f4153
4105,f4077
4106,f4044
4107,f4123
4108,f4071
4109,f4159
4110,f4092
4111,f4106
4112,f4141
4113,f4075
4114,f4184
4115,f4160
4116,f4061
4117,f4179
4118,f4095
4119,f4064
4120,f4096
4121,f4144
4122,f4058
4123,f4090
4124,f4131
4125,f4048
4126,f4068
4127,f4067
4128,f4145
4129,f4062
4130,f4085
4131,f4156
4132,f4109
4133,f4053
4134,f4143
4135,f4177
4136,f4100
4137,f4081
4138,f4163
4139,f4136
4140,f4079
4141,f4127
4142,f4097
4143,f4045
4144,f4052
4145,f4150
4146,f4103
4147,f4161
4148,f4102
4149,f4180
4150,f4181
4151,f4057
4152,f4084
4153,f4139
4154,f4119
4155,f4125
4156,f4091
4157,f4152
4158,f4080
4159,f4099
4160,f4059
4161,f4158
4162,f4168
4163,f4093
4164,f4147
4165,f4162
4166,f4063
4167,f4083
4168,f4076
4169,f4140
4170,f4148
4171,f4178
4172,f4089
4173,f4130
4174,f4055
4175,f4111
4176,f4108
4177,f4074
4178,f4094
4179,f4105
4180,f4126
4181,f4082
4182,f4128
4183,f4049
4184,f4054
4185,f4135
4186,f4132
4187,f4066
4188,f4389
4189,f4380
4190,f4375
4191,f4402
4192,f4391
4193,f4328
4194,f4253
4195,f4230
4196,f4244
4197,f4399
4198,f4240
4199,f4195
4200,f4274
4201,f4411
4202,f4418
4203,f4430
4204,f4295
4205,f4400
4206,f4381
4207,f4443
4208,f4371
4209,f4214
4210,f4440
4211,f4387
4212,f4313
4213,f4291
4214,f4343
4215,f4197
4216,f4429
4217,f4347
4218,f4422
4219,f4210
4220,f4439
4221,f4361
4222,f4300
4223,f4281
4224,f4352
4225,f4204
4226,f4286
4227,f4247
4228,f4307
4229,f4331
4230,f4243
4231,f4254
4232,f4198
4233,f4385
4234,f4310
4235,f4416
4236,f4412
4237,f4325
4238,f4388
4239,f4200
4240,f4299
4241,f4187
4242,f4304
4243,f4314
4244,f4434
4245,f4252
4246,f4297
4247,f4193
4248,f4201
4249,f4338
4250,f4348
4251,f4261
4252,f4395
4253,f4319
4254,f4350
4255,f4370
4256,f4288
4257,f4277
4258,f4185
4259,f4441
4260,f4377
4261,f4226
4262,f4233
4263,f4260
4264,f4284
4265,f4329
4266,f4227
4267,f4410
4268,f4237
4269,f4192
4270,f4358
4271,f4285
4272,f4217
4273,f4256
4274,f4393
4275,f4289
4276,f4303
4277,f4421
4278,f4383
4279,f4279
4280,f4306
4281,f4265
4282,f4194
4283,f4349
4284,f4219
4285,f4333
4286,f4186
4287,f4332
4288,f4356
4289,f4419
4290,f4386
4291,f4215
4292,f4321
4293,f4196
4294,f4236
4295,f4363
4296,f4438
4297,f4320
4298,f4235
4299,f4251
4300,f4282
4301,f4216
4302,f4376
4303,f4433
4304,f4212
4305,f4398
4306,f4294
4307,f4351
4308,f4364
4309,f4287
4310,f4315
4311,f4425
4312,f4408
4313,f4296
4314,f4242
4315,f4203
4316,f4344
4317,f4223
4318,f4309
4319,f4396
4320,f4354
4321,f4382
4322,f4436
4323,f4264
4324,f4271
4325,f4234
4326,f4345
4327,f4218
4328,f4249
4329,f4357
4330,f4323
4331,f4301
4332,f4275
4333,f4413
4334,f4326
4335,f4290
4336,f4257
4337,f4403
4338,f4224
4339,f4206
4340,f4342
4341,f4317
4342,f4435
4343,f4423
4344,f4262
4345,f4305
4346,f4384
4347,f4248
4348,f4270
4349,f4278
4350,f4337
4351,f4424
4352,f4322
4353,f4205
4354,f4336
4355,f4258
4356,f4228
4357,f4213
4358,f4426
4359,f4341
4360,f4437
4361,f4373
4362,f4311
4363,f4268
4364,f4394
4365,f4330
4366,f4392
4367,f4263
4368,f4209
4369,f4428
4370,f4409
4371,f4372
4372,f4353
4373,f4360
4374,f4442
4375,f4266
4376,f4365
4377,f4427
4378,f4379
4379,f4211
4380,f4401
4381,f4324
4382,f4298
4383,f4406
4384,f4255
4385,f4239
4386,f4444
4387,f4359
4388,f4259
4389,f4190
4390,f4231
4391,f4397
4392,f4407
4393,f4417
4394,f4276
4395,f4327
4396,f4302
4397,f4420
4398,f4202
4399,f4222
4400,f4374
4401,f4245
4402,f4316
4403,f4238
4404,f4369
4405,f4199
4406,f4292
4407,f4293
4408,f4191
4409,f4221
4410,f4308
4411,f4432
4412,f4390
4413,f4405
4414,f4339
4415,f4189
4416,f4431
4417,f4220
4418,f4404
4419,f4312
4420,f4273
4421,f4280
4422,f4188
4423,f4378
4424,f4334
4425,f4368
4426,f4269
4427,f4241
4428,f4335
4429,f4362
4430,f4318
4431,f4367
4432,f4267
4433,f4225
4434,f4229
4435,f4366
4436,f4283
4437,f4207
4438,f4414
4439,f4208
4440,f4355
4441,f4250
4442,f4272
4443,f4346
4444,f4246
4445,f4415
4446,f4340
4447,f4232
4448,f4900
4449,f4526
4450,f4505
4451,f4583
4452,f4510
4453,f4495
4454,f4574
4455,f4464
4456,f4631
4457,f4844
4458,f4714
4459,f4591
4460,f4717
4461,f4525
4462,f4693
4463,f4538
4464,f4785
4465,f4710
4466,f4842
4467,f4795
4468,f4470
4469,f4475
4470,f4695
4471,f4770
4472,f4504
4473,f4802
4474,f4545
4475,f4911
4476,f4721
4477,f4606
4478,f4732
4479,f4766
4480,f4665
4481,f4633
4482,f4663
4483,f4708
4484,f4751
4485,f4783
4486,f4881
4487,f4894
4488,f4804
4489,f4818
4490,f4724
4491,f4824
4492,f4676
4493,f4460
4494,f4864
4495,f4452
4496,f4581
4497,f4684
4498,f4913
4499,f4935
4500,f4739
4501,f4846
4502,f4454
4503,f4563
4504,f4465
4505,f4699
4506,f4779
4507,f4782
4508,f4754
4509,f4847
4510,f4929
4511,f4598
4512,f4715
4513,f4892
4514,f4787
4515,f4498
4516,f4709
4517,f4502
4518,f4843
4519,f4703
4520,f4533
4521,f4887
4522,f4646
4523,f4882
4524,f4477
4525,f4628
4526,f4934
4527,f4895
4528,f4809
4529,f4614
4530,f4755
4531,f4626
4532,f4780
4533,f4767
4534,f4898
4535,f4573
4536,f4691
4537,f4660
4538,f4683
4539,f4810
4540,f4923
4541,f4890
4542,f4483
4543,f4560
4544,f4610
4545,f4447
4546,f4596
4547,f4601
4548,f4588
4549,f4853
4550,f4446
4551,f4737
4552,f4481
4553,f4445
4554,f4910
4555,f4696
4556,f4831
4557,f4587
4558,f4833
4559,f4630
4560,f4906
4561,f4840
4562,f4511
4563,f4449
4564,f4531
4565,f4827
4566,f4474
4567,f4656
4568,f4901
4569,f4777
4570,f4734
4571,f4694
4572,f4487
4573,f4702
4574,f4886
4575,f4883
4576,f4792
4577,f4771
4578,f4733
4579,f4518
4580,f4863
4581,f4552
4582,f4463
4583,f4622
4584,f4857
4585,f4727
4586,f4706
4587,f4921
4588,f4808
4589,f4514
4590,f4615
4591,f4564
4592,f4773
4593,f4623
4594,f4536
4595,f4485
4596,f4565
4597,f4523
4598,f4551
4599,f4848
4600,f4489
4601,f4918
4602,f4482
4603,f4458
4604,f4829
4605,f4658
4606,f4486
4607,f4819
4608,f4784
4609,f4469
4610,f4852
4611,f4912
4612,f4532
4613,f4673
4614,f4643
4615,f4635
4616,f4781
4617,f4799
4618,f4542
4619,f4661
4620,f4752
4621,f4858
4622,f4786
4623,f4517
4624,f4836
4625,f4788
4626,f4871
4627,f4553
4628,f4931
4629,f4919
4630,f4568
4631,f4638
4632,f4729
4633,f4484
4634,f4803
4635,f4759
4636,f4735
4637,f4728
4638,f4743
4639,f4535
4640,f4877
4641,f4916
4642,f4616
4643,f4705
4644,f4870
4645,f4639
4646,f4476
4647,f4769
4648,f4866
4649,f4555
4650,f4494
4651,f4617
4652,f4641
4653,f4592
4654,f4607
4655,f4550
4656,f4579
4657,f4926
4658,f4768
4659,f4749
4660,f4675
4661,f4909
4662,f4747
4663,f4850
4664,f4794
4665,f4726
4666,f4462
4667,f4856
4668,f4772
4669,f4746
4670,f4471
4671,f4855
4672,f4642
4673,f4897
4674,f4519
4675,f4874
4676,f4873
4677,f4924
4678,f4543
4679,f4876
4680,f4677
4681,f4791
4682,f4725
4683,f4567
4684,f4778
4685,f4576
4686,f4640
4687,f4678
4688,f4609
4689,f4822
4690,f4757
4691,f4740
4692,f4917
4693,f4875
4694,f4707
4695,f4933
4696,f4557
4697,f4686
4698,f4467
4699,f4668
4700,f4801
4701,f4825
4702,f4544
4703,f4920
4704,f4879
4705,f4815
4706,f4839
4707,f4849
4708,f4716
4709,f4657
4710,f4701
4711,f4472
4712,f4689
4713,f4867
4714,f4534
4715,f4651
4716,f4885
4717,f4647
4718,f4479
4719,f4602
4720,f4811
4721,f4496
4722,f4653
4723,f4627
4724,f4655
4725,f4580
4726,f4736
4727,f4621
4728,f4493
4729,f4812
4730,f4720
4731,f4860
4732,f4932
4733,f4604
4734,f4600
4735,f4466
4736,f4865
4737,f4692
4738,f4586
4739,f4698
4740,f4644
4741,f4670
4742,f4521
4743,f4624
4744,f4798
4745,f4776
4746,f4575
4747,f4490
4748,f4730
4749,f4595
4750,f4814
4751,f4603
4752,f4862
4753,f4649
4754,f4608
4755,f4459
4756,f4509
4757,f4688
4758,f4775
4759,f4872
4760,f4612
4761,f4666
4762,f4648
4763,f4903
4764,f4789
4765,f4830
4766,f4529
4767,f4547
4768,f4915
4769,f4478
4770,f4578
4771,f4697
4772,f4669
4773,f4861
4774,f4503
4775,f4748
4776,f4928
4777,f4823
4778,f4546
4779,f4685
4780,f4611
4781,f4516
4782,f4674
4783,f4800
4784,f4499
4785,f4508
4786,f4790
4787,f4902
4788,f4605
4789,f4599
4790,f4774
4791,f4796
4792,f4826
4793,f4813
4794,f4455
4795,f4837
4796,f4632
4797,f4506
4798,f4905
4799,f4821
4800,f4572
4801,f4765
4802,f4491
4803,f4507
4804,f4835
4805,f4807
4806,f4845
4807,f4930
4808,f4593
4809,f4859
4810,f4713
4811,f4880
4812,f4528
4813,f4561
4814,f4582
4815,f4760
4816,f4590
4817,f4672
4818,f4571
4819,f4854
4820,f4450
4821,f4456
4822,f4681
4823,f4629
4824,f4625
4825,f4690
4826,f4888
4827,f4650
4828,f4654
4829,f4891
4830,f4907
4831,f4922
4832,f4816
4833,f4763
4834,f4448
4835,f4687
4836,f4741
4837,f4619
4838,f4659
4839,f4468
4840,f4679
4841,f4585
4842,f4738
4843,f4530
4844,f4682
4845,f4704
4846,f4537
4847,f4899
4848,f4731
4849,f4742
4850,f4558
4851,f4841
4852,f4549
4853,f4820
4854,f4597
4855,f4664
4856,f4562
4857,f4914
4858,f4834
4859,f4556
4860,f4793
4861,f4745
4862,f4652
4863,f4838
4864,f4806
4865,f4539
4866,f4457
4867,f4500
4868,f4540
4869,f4868
4870,f4756
4871,f4513
4872,f4497
4873,f4925
4874,f4761
4875,f4762
4876,f4473
4877,f4878
4878,f4512
4879,f4620
4880,f4753
4881,f4634
4882,f4636
4883,f4832
4884,f4461
4885,f4700
4886,f4893
4887,f4522
4888,f4492
4889,f4577
4890,f4722
4891,f4501
4892,f4515
4893,f4896
4894,f4817
4895,f4520
4896,f4554
4897,f4570
4898,f4744
4899,f4828
4900,f4569
4901,f4451
4902,f4637
4903,f4758
4904,f4662
4905,f4718
4906,f4613
4907,f4667
4908,f4548
4909,f4488
4910,f4884
4911,f4750
4912,f4524
4913,f4764
4914,f4869
4915,f4541
4916,f4527
4917,f4559
4918,f4566
4919,f4589
4920,f4797
4921,f4889
4922,f4712
4923,f4711
4924,f4851
4925,f4594
4926,f4723
4927,f4927
4928,f4618
4929,f4584
4930,f4645
4931,f4805
4932,f4671
4933,f4719
4934,f4453
4935,f4904
4936,f4908
4937,f4480
4938,f4680
4939,f4938
4940,f4940
4941,f4936
4942,f4941
4943,f4939
4944,f4942
4945,f4937
4946,f5237
4947,f5354
4948,f5667
4949,f5750
4950,f5162
4951,f5728
4952,f6029
4953,f6140
4954,f5287
4955,f5585
4956,f5933
4957,f5524
4958,f5457
4959,f5383
4960,f5778
4961,f6133
4962,f5456
4963,f5538
4964,f5995
4965,f5255
4966,f5318
4967,f5400
4968,f6240
4969,f5473
4970,f5797
4971,f5007
4972,f5279
4973,f5694
4974,f5521
4975,f5423
4976,f5527
4977,f5842
4978,f5089
4979,f5675
4980,f5179
4981,f5061
4982,f5246
4983,f5627
4984,f6227
4985,f5390
4986,f5974
4987,f5898
4988,f5000
4989,f5762
4990,f5109
4991,f5511
4992,f5314
4993,f5696
4994,f6188
4995,f6001
4996,f6071
4997,f5702
4998,f5889
4999,f5509
5000,f5254
5001,f6058
5002,f5281
5003,f6004
5004,f5382
5005,f6087
5006,f5398
5007,f5759
5008,f5129
5009,f5075
5010,f5977
5011,f5501
5012,f5710
5013,f4985
5014,f5497
5015,f4991
5016,f5944
5017,f5542
5018,f5776
5019,f5169
5020,f5380
5021,f5125
5022,f5437
5023,f6077
5024,f5693
5025,f5686
5026,f5775
5027,f5843
5028,f6214
5029,f5636
5030,f5979
5031,f5073
5032,f5743
5033,f5434
5034,f5932
5035,f6194
5036,f5837
5037,f6201
5038,f6156
5039,f6019
5040,f5230
5041,f6147
5042,f5891
5043,f4999
5044,f5176
5045,f4980
5046,f4951
5047,f6054
5048,f6008
5049,f5142
5050,f6111
5051,f5768
5052,f5993
5053,f6013
5054,f6056
5055,f5139
5056,f5367
5057,f5426
5058,f5444
5059,f5429
5060,f5739
5061,f5591
5062,f5447
5063,f6112
5064,f6235
5065,f6024
5066,f5733
5067,f4973
5068,f6191
5069,f5471
5070,f5713
5071,f5272
5072,f5059
5073,f6237
5074,f6230
5075,f5462
5076,f5765
5077,f5271
5078,f6116
5079,f5107
5080,f5767
5081,f5815
5082,f4979
5083,f5276
5084,f6141
5085,f5779
5086,f5218
5087,f5090
5088,f5752
5089,f4945
5090,f5618
5091,f5807
5092,f5482
5093,f5819
5094,f5665
5095,f5817
5096,f5931
5097,f6215
5098,f5463
5099,f5253
5100,f5873
5101,f4955
5102,f5756
5103,f5908
5104,f5603
5105,f5185
5106,f6124
5107,f5448
5108,f5687
5109,f4989
5110,f6236
5111,f5901
5112,f5909
5113,f5119
5114,f6252
5115,f6186
5116,f6011
5117,f6222
5118,f5369
5119,f5522
5120,f5021
5121,f6085
5122,f6246
5123,f4970
5124,f5226
5125,f5712
5126,f5822
5127,f5962
5128,f6100
5129,f5265
5130,f6228
5131,f6095
5132,f4968
5133,f5450
5134,f5259
5135,f5092
5136,f5399
5137,f5494
5138,f5317
5139,f5170
5140,f6219
5141,f5264
5142,f5558
5143,f5810
5144,f5645
5145,f5552
5146,f6076
5147,f5653
5148,f5701
5149,f5158
5150,f5741
5151,f5113
5152,f5102
5153,f6026
5154,f5695
5155,f6040
5156,f5238
5157,f5474
5158,f5221
5159,f6068
5160,f6080
5161,f5830
5162,f6043
5163,f5897
5164,f5718
5165,f5046
5166,f5975
5167,f5229
5168,f5703
5169,f5785
5170,f6036
5171,f5959
5172,f6030
5173,f5900
5174,f5039
5175,f5946
5176,f6129
5177,f5794
5178,f5350
5179,f5422
5180,f5397
5181,f5530
5182,f5871
5183,f5866
5184,f5342
5185,f5624
5186,f6136
5187,f5187
5188,f6096
5189,f5344
5190,f5387
5191,f5233
5192,f5460
5193,f5985
5194,f5160
5195,f5044
5196,f6213
5197,f6137
5198,f5715
5199,f6234
5200,f5186
5201,f4949
5202,f5534
5203,f5805
5204,f6075
5205,f4953
5206,f5826
5207,f5516
5208,f5544
5209,f5720
5210,f5575
5211,f5893
5212,f5598
5213,f5138
5214,f5573
5215,f5562
5216,f6189
5217,f5391
5218,f5714
5219,f6132
5220,f5467
5221,f6108
5222,f6142
5223,f4961
5224,f5105
5225,f6107
5226,f5970
5227,f5452
5228,f5315
5229,f5572
5230,f5029
5231,f5536
5232,f5763
5233,f6091
5234,f6069
5235,f5446
5236,f5419
5237,f5418
5238,f5012
5239,f5570
5240,f5833
5241,f5232
5242,f5735
5243,f5094
5244,f5487
5245,f5732
5246,f6009
5247,f5468
5248,f5149
5249,f5240
5250,f5305
5251,f6025
5252,f5749
5253,f6171
5254,f5579
5255,f5416
5256,f5048
5257,f5881
5258,f6159
5259,f5519
5260,f6078
5261,f5729
5262,f5209
5263,f5388
5264,f5986
5265,f5262
5266,f5888
5267,f6032
5268,f5902
5269,f5774
5270,f5849
5271,f4967
5272,f6048
5273,f6182
5274,f5445
5275,f5737
5276,f5293
5277,f6177
5278,f5869
5279,f6094
5280,f5219
5281,f6090
5282,f5499
5283,f5717
5284,f5903
5285,f6163
5286,f5547
5287,f6207
5288,f5308
5289,f5773
5290,f6097
5291,f5605
5292,f5700
5293,f6155
5294,f6170
5295,f6232
5296,f6196
5297,f5515
5298,f5925
5299,f5141
5300,f5490
5301,f5861
5302,f6208
5303,f6106
5304,f5734
5305,f5080
5306,f6150
5307,f5508
5308,f5679
5309,f5042
5310,f5065
5311,f6119
5312,f5818
5313,f5604
5314,f5780
5315,f6126
5316,f5004
5317,f5079
5318,f5161
5319,f5723
5320,f5924
5321,f5882
5322,f5685
5323,f5689
5324,f5625
5325,f6192
5326,f5032
5327,f6243
5328,f6165
5329,f5611
5330,f5586
5331,f5954
5332,f5657
5333,f5832
5334,f5973
5335,f5485
5336,f5148
5337,f5199
5338,f6167
5339,f5182
5340,f5112
5341,f5913
5342,f5790
5343,f5740
5344,f4978
5345,f6050
5346,f6209
5347,f4954
5348,f5227
5349,f5731
5350,f5071
5351,f5413
5352,f5716
5353,f6204
5354,f5646
5355,f5144
5356,f5327
5357,f5883
5358,f6041
5359,f5745
5360,f5431
5361,f5461
5362,f5647
5363,f5956
5364,f5156
5365,f5009
5366,f5172
5367,f5030
5368,f5641
5369,f5980
5370,f6123
5371,f6089
5372,f5841
5373,f5088
5374,f5557
5375,f5018
5376,f6179
5377,f5948
5378,f5449
5379,f5854
5380,f5708
5381,f5943
5382,f5637
5383,f5325
5384,f5375
5385,f5751
5386,f5260
5387,f5692
5388,f6082
5389,f5146
5390,f5118
5391,f6185
5392,f5370
5393,f5241
5394,f5322
5395,f4966
5396,f6063
5397,f4950
5398,f5067
5399,f5823
5400,f5706
5401,f6193
5402,f5856
5403,f5824
5404,f6145
5405,f5953
5406,f5545
5407,f5381
5408,f5337
5409,f5323
5410,f5492
5411,f4982
5412,f5010
5413,f5966
5414,f6231
5415,f5466
5416,f6135
5417,f5132
5418,f5014
5419,f5936
5420,f6224
5421,f6072
5422,f4971
5423,f5531
5424,f5096
5425,f5969
5426,f6162
5427,f5539
5428,f5747
5429,f5886
5430,f5299
5431,f4976
5432,f5099
5433,f5164
5434,f5996
5435,f5941
5436,f6250
5437,f5918
5438,f6241
5439,f5404
5440,f5338
5441,f5245
5442,f5252
5443,f5937
5444,f5401
5445,f5345
5446,f5064
5447,f5306
5448,f5623
5449,f6105
5450,f4977
5451,f5895
5452,f5498
5453,f5207
5454,f5783
5455,f5278
5456,f6017
5457,f5216
5458,f6127
5459,f6153
5460,f5813
5461,f6074
5462,f5011
5463,f6202
5464,f5517
5465,f5202
5466,f5412
5467,f5860
5468,f4947
5469,f5056
5470,f5016
5471,f6037
5472,f5727
5473,f6113
5474,f6062
5475,f5938
5476,f5451
5477,f5543
5478,f5282
5479,f6233
5480,f5203
5481,f5628
5482,f4965
5483,f5576
5484,f5074
5485,f5622
5486,f5440
5487,f4974
5488,f5358
5489,f5421
5490,f6220
5491,f5535
5492,f6073
5493,f6175
5494,f5705
5495,f5971
5496,f6007
5497,f5331
5498,f5417
5499,f4988
5500,f5365
5501,f5674
5502,f5349
5503,f5906
5504,f5799
5505,f5430
5506,f5940
5507,f6027
5508,f5659
5509,f5532
5510,f4995
5511,f5231
5512,f6212
5513,f5131
5514,f6143
5515,f6118
5516,f5858
5517,f5060
5518,f6081
5519,f5269
5520,f5650
5521,f5200
5522,f5033
5523,f5920
5524,f5040
5525,f5949
5526,f6146
5527,f5887
5528,f6023
5529,f4959
5530,f4990
5531,f5191
5532,f5095
5533,f6197
5534,f5777
5535,f5316
5536,f5787
5537,f5177
5538,f5574
5539,f5553
5540,f5662
5541,f5428
5542,f5786
5543,f5116
5544,f5513
5545,f5366
5546,f5678
5547,f5143
5548,f5676
5549,f5831
5550,f4986
5551,f5795
5552,f5945
5553,f5922
5554,f6152
5555,f5405
5556,f5006
5557,f5722
5558,f5998
5559,f4956
5560,f4983
5561,f5504
5562,f5816
5563,f5034
5564,f5168
5565,f5043
5566,f5915
5567,f5935
5568,f5432
5569,f5028
5570,f6053
5571,f6021
5572,f5746
5573,f5151
5574,f5588
5575,f5086
5576,f5277
5577,f5374
5578,f5106
5579,f5992
5580,f6200
5581,f5441
5582,f5614
5583,f4972
5584,f5121
5585,f6038
5586,f5051
5587,f6195
5588,f5101
5589,f4944
5590,f5963
5591,f5911
5592,f5910
5593,f6183
5594,f5988
5595,f5356
5596,f5555
5597,f5631
5598,f5827
5599,f5952
5600,f5103
5601,f5660
5602,f5078
5603,f5407
5604,f5784
5605,f5907
5606,f5884
5607,f5594
5608,f5235
5609,f5135
5610,f5500
5611,f5724
5612,f6164
5613,f5862
5614,f5053
5615,f5184
5616,f5942
5617,f5371
5618,f6103
5619,f5610
5620,f5879
5621,f6102
5622,f5469
5623,f5175
5624,f6051
5625,f5150
5626,f6099
5627,f5581
5628,f5171
5629,f5578
5630,f6166
5631,f5373
5632,f5211
5633,f5394
5634,f5596
5635,f5348
5636,f5220
5637,f6216
5638,f5353
5639,f5921
5640,f5395
5641,f5481
5642,f5031
5643,f4992
5644,f5761
5645,f5502
5646,f5134
5647,f6149
5648,f5133
5649,f5038
5650,f5072
5651,f5005
5652,f6047
5653,f5771
5654,f5960
5655,f5312
5656,f5781
5657,f4975
5658,f5332
5659,f5673
5660,f5796
5661,f5859
5662,f6218
5663,f5709
5664,f5346
5665,f5880
5666,f5274
5667,f5691
5668,f6125
5669,f6079
5670,f4993
5671,f5764
5672,f5505
5673,f5668
5674,f5755
5675,f5680
5676,f5154
5677,f5919
5678,f5626
5679,f5392
5680,f5526
5681,f5551
5682,f5180
5683,f5015
5684,f5633
5685,f5108
5686,f5550
5687,f5181
5688,f6187
5689,f5592
5690,f6018
5691,f5093
5692,f5320
5693,f5525
5694,f5863
5695,f6115
5696,f5057
5697,f5736
5698,f5479
5699,f5599
5700,f5802
5701,f5212
5702,f5582
5703,f5097
5704,f6015
5705,f5885
5706,f5266
5707,f5313
5708,f5635
5709,f5027
5710,f6139
5711,f5415
5712,f5738
5713,f5085
5714,f5330
5715,f5681
5716,f5568
5717,f4998
5718,f5690
5719,f6134
5720,f5698
5721,f5343
5722,f5321
5723,f5546
5724,f5204
5725,f5196
5726,f6065
5727,f6151
5728,f5393
5729,f5261
5730,f6088
5731,f6028
5732,f5748
5733,f5439
5734,f5352
5735,f5359
5736,f5867
5737,f6223
5738,f5613
5739,f5982
5740,f5408
5741,f5111
5742,f5803
5743,f5190
5744,f5514
5745,f5290
5746,f6014
5747,f5284
5748,f5566
5749,f6131
5750,f6157
5751,f5811
5752,f5036
5753,f5857
5754,f4981
5755,f6174
5756,f5123
5757,f5406
5758,f5248
5759,f5302
5760,f5597
5761,f5076
5762,f6070
5763,f5671
5764,f6060
5765,f5769
5766,f6173
5767,f5476
5768,f5927
5769,f5688
5770,f6010
5771,f5145
5772,f4946
5773,f6160
5774,f6114
5775,f5899
5776,f5537
5777,f5719
5778,f5905
5779,f5593
5780,f5644
5781,f5283
5782,f5577
5783,f5153
5784,f6002
5785,f5757
5786,f6034
5787,f5677
5788,f5590
5789,f5300
5790,f5384
5791,f5876
5792,f5672
5793,f5754
5794,f5303
5795,f5438
5796,f4996
5797,f5458
5798,f5183
5799,f6172
5800,f6045
5801,f5929
5802,f6251
5803,f5961
5804,f4962
5805,f5868
5806,f5045
5807,f5655
5808,f5742
5809,f5128
5810,f5268
5811,f4958
5812,f6181
5813,f5077
5814,f5351
5815,f5464
5816,f5120
5817,f5435
5818,f6052
5819,f5890
5820,f5205
5821,f5214
5822,f5829
5823,f6067
5824,f5124
5825,f5834
5826,f5912
5827,f5661
5828,f5917
5829,f5744
5830,f5215
5831,f5483
5832,f6005
5833,f5528
5834,f5047
5835,f5258
5836,f5304
5837,f5197
5838,f5100
5839,f6101
5840,f5726
5841,f5257
5842,f5454
5843,f5916
5844,f5376
5845,f5896
5846,f5140
5847,f6221
5848,f5632
5849,f5840
5850,f6238
5851,f5436
5852,f5892
5853,f5267
5854,f6109
5855,f5396
5856,f5023
5857,f5355
5858,f5770
5859,f5249
5860,f6138
5861,f5847
5862,f5062
5863,f5852
5864,f5022
5865,f5357
5866,f6217
5867,f6239
5868,f5068
5869,f6120
5870,f5301
5871,f5540
5872,f5166
5873,f5990
5874,f4987
5875,f5556
5876,f5711
5877,f5683
5878,f5503
5879,f5609
5880,f6128
5881,f5206
5882,f5020
5883,f6061
5884,f5838
5885,f5024
5886,f5414
5887,f5800
5888,f6093
5889,f5851
5890,f5326
5891,f6199
5892,f5213
5893,f5836
5894,f5363
5895,f5335
5896,f6130
5897,f5835
5898,f5336
5899,f6059
5900,f5607
5901,f5721
5902,f5507
5903,f5839
5904,f5477
5905,f5616
5906,f5512
5907,f5098
5908,f5643
5909,f5017
5910,f6244
5911,f5846
5912,f5070
5913,f4948
5914,f5602
5915,f5793
5916,f5904
5917,f5612
5918,f6020
5919,f5228
5920,f5649
5921,f5475
5922,f5484
5923,f5760
5924,f5874
5925,f6035
5926,f6121
5927,f5651
5928,f6092
5929,f5571
5930,f5126
5931,f5223
5932,f5828
5933,f5026
5934,f5554
5935,f5981
5936,f5950
5937,f5159
5938,f5244
5939,f5652
5940,f5130
5941,f5600
5942,f5275
5943,f6012
5944,f5247
5945,f5808
5946,f5997
5947,f5926
5948,f5270
5949,f5008
5950,f5178
5951,f5443
5952,f5518
5953,f5173
5954,f5122
5955,f5565
5956,f5188
5957,f5699
5958,f5947
5959,f5425
5960,f5210
5961,f5804
5962,f5041
5963,f5063
5964,f5433
5965,f5987
5966,f5541
5967,f5561
5968,f5340
5969,f5806
5970,f5814
5971,f5930
5972,f6184
5973,f5402
5974,f5825
5975,f5319
5976,f5035
5977,f5339
5978,f5620
5979,f5442
5980,f5669
5981,f5617
5982,f5361
5983,f5914
5984,f5280
5985,f6066
5986,f6226
5987,f6242
5988,f5682
5989,f5640
5990,f5104
5991,f6229
5992,f6022
5993,f5273
5994,f5601
5995,f5654
5996,f4964
5997,f4997
5998,f5328
5999,f4969
6000,f5488
6001,f5192
6002,f5368
6003,f5523
6004,f5958
6005,f5506
6006,f6178
6007,f5976
6008,f5939
6009,f5378
6010,f5297
6011,f5243
6012,f5385
6013,f5489
6014,f5311
6015,f5341
6016,f5564
6017,f5409
6018,f5872
6019,f4994
6020,f5082
6021,f5639
6022,f5386
6023,f5656
6024,f5217
6025,f5050
6026,f5533
6027,f5163
6028,f6016
6029,f5157
6030,f5580
6031,f5666
6032,f5193
6033,f5055
6034,f6006
6035,f5848
6036,f6086
6037,f6211
6038,f6206
6039,f6161
6040,f5994
6041,f5951
6042,f6144
6043,f5025
6044,f5427
6045,f5310
6046,f5347
6047,f5877
6048,f5563
6049,f5495
6050,f5087
6051,f5648
6052,f5978
6053,f5002
6054,f6049
6055,f5983
6056,f5491
6057,f5225
6058,f5286
6059,f5820
6060,f5928
6061,f5224
6062,f5465
6063,f6176
6064,f5955
6065,f5584
6066,f5788
6067,f5137
6068,f5459
6069,f5923
6070,f5001
6071,f5081
6072,f5670
6073,f6042
6074,f5758
6075,f6104
6076,f5167
6077,f5470
6078,f6110
6079,f6168
6080,f5250
6081,f5472
6082,f5549
6083,f5864
6084,f5486
6085,f6205
6086,f4957
6087,f6245
6088,f6033
6089,f5420
6090,f5334
6091,f5642
6092,f5165
6093,f5845
6094,f5291
6095,f5251
6096,f5003
6097,f5410
6098,f5730
6099,f6046
6100,f5630
6101,f6203
6102,f5725
6103,f5520
6104,f6247
6105,f5174
6106,f5559
6107,f5587
6108,f6083
6109,f4943
6110,f5999
6111,f5289
6112,f5821
6113,f5019
6114,f5583
6115,f5478
6116,f6210
6117,f5329
6118,f5091
6119,f5294
6120,f6158
6121,f5782
6122,f5791
6123,f5324
6124,f5115
6125,f5208
6126,f5844
6127,f4963
6128,f5629
6129,f6098
6130,f5496
6131,f5606
6132,f5809
6133,f6000
6134,f5589
6135,f5707
6136,f5037
6137,f5453
6138,f5855
6139,f5664
6140,f5285
6141,f5127
6142,f6180
6143,f5989
6144,f5704
6145,f6003
6146,f5189
6147,f6055
6148,f6169
6149,f5155
6150,f5753
6151,f5054
6152,f5991
6153,f5013
6154,f5333
6155,f5984
6156,f5972
6157,f5117
6158,f6044
6159,f5870
6160,f5455
6161,f5957
6162,f5114
6163,f5110
6164,f4952
6165,f5379
6166,f5560
6167,f6122
6168,f5967
6169,f6117
6170,f5965
6171,f5296
6172,f5658
6173,f5801
6174,f5894
6175,f6057
6176,f5222
6177,f6064
6178,f5403
6179,f5684
6180,f5792
6181,f5595
6182,f5288
6183,f5360
6184,f5510
6185,f5364
6186,f5548
6187,f5136
6188,f5198
6189,f5362
6190,f5256
6191,f5389
6192,f5567
6193,f5263
6194,f5234
6195,f5529
6196,f4984
6197,f5058
6198,f5084
6199,f5372
6200,f5865
6201,f5480
6202,f6084
6203,f5377
6204,f5152
6205,f5569
6206,f5049
6207,f5298
6208,f5242
6209,f6225
6210,f5798
6211,f5069
6212,f5295
6213,f5052
6214,f5194
6215,f5812
6216,f5663
6217,f5772
6218,f5309
6219,f5697
6220,f5411
6221,f5964
6222,f6249
6223,f6039
6224,f6148
6225,f5307
6226,f5638
6227,f5424
6228,f5615
6229,f5619
6230,f6190
6231,f5236
6232,f6031
6233,f5789
6234,f5968
6235,f6198
6236,f5083
6237,f6154
6238,f5621
6239,f6248
6240,f5875
6241,f5066
6242,f5493
6243,f5850
6244,f4960
6245,f5239
6246,f5878
6247,f5853
6248,f5292
6249,f5195
6250,f5634
6251,f5147
6252,f5766
6253,f5608
6254,f5201
6255,f5934
6256,f6326
6257,f6329
6258,f6358
6259,f6272
6260,f6347
6261,f6330
6262,f6301
6263,f6292
6264,f6265
6265,f6345
6266,f6259
6267,f6300
6268,f6337
6269,f6324
6270,f6261
6271,f6277
6272,f6353
6273,f6253
6274,f6312
6275,f6361
6276,f6325
6277,f6327
6278,f6302
6279,f6280
6280,f6352
6281,f6336
6282,f6295
6283,f6350
6284,f6317
6285,f6321
6286,f6268
6287,f6328
6288,f6343
6289,f6275
6290,f6264
6291,f6332
6292,f6285
6293,f6290
6294,f6263
6295,f6309
6296,f6303
6297,f6365
6298,f6308
6299,f6311
6300,f6289
6301,f6254
6302,f6286
6303,f6360
6304,f6258
6305,f6363
6306,f6366
6307,f6294
6308,f6304
6309,f6356
6310,f6287
6311,f6351
6312,f6281
6313,f6271
6314,f6318
6315,f6348
6316,f6331
6317,f6359
6318,f6310
6319,f6270
6320,f6322
6321,f6342
6322,f6340
6323,f6255
6324,f6313
6325,f6315
6326,f6320
6327,f6362
6328,f6298
6329,f6349
6330,f6341
6331,f6299
6332,f6357
6333,f6323
6334,f6279
6335,f6256
6336,f6355
6337,f6346
6338,f6306
6339,f6297
6340,f6344
6341,f6335
6342,f6364
6343,f6257
6344,f6269
6345,f6316
6346,f6260
6347,f6296
6348,f6293
6349,f6314
6350,f6267
6351,f6307
6352,f6266
6353,f6274
6354,f6273
6355,f6262
6356,f6333
6357,f6276
6358,f6338
6359,f6291
6360,f6278
6361,f6284
6362,f6334
6363,f6283
6364,f6319
6365,f6282
6366,f6288
6367,f6305
6368,f6339
6369,f6354
6370,f6384
6371,f6368
6372,f6374
6373,f6376
6374,f6378
6375,f6373
6376,f6385
6377,f6379
6378,f6371
6379,f6382
6380,f6381
6381,f6375
6382,f6370
6383,f6377
6384,f6369
6385,f6367
6386,f6372
6387,f6380
6388,f6383
6389,f6391
6390,f6541
6391,f6468
6392,f6601
6393,f6455
6394,f6544
6395,f6394
6396,f6473
6397,f6626
6398,f6538
6399,f6433
6400,f6528
6401,f6618
6402,f6476
6403,f6560
6404,f6427
6405,f6575
6406,f6435
6407,f6462
6408,f6499
6409,f6457
6410,f6586
6411,f6516
6412,f6628
6413,f6489
6414,f6463
6415,f6511
6416,f6577
6417,f6522
6418,f6521
6419,f6549
6420,f6479
6421,f6610
6422,f6446
6423,f6498
6424,f6555
6425,f6614
6426,f6472
6427,f6527
6428,f6464
6429,f6624
6430,f6559
6431,f6471
6432,f6532
6433,f6598
6434,f6403
6435,f6638
6436,f6502
6437,f6568
6438,f6493
6439,f6582
6440,f6641
6441,f6439
6442,f6397
6443,f6405
6444,f6456
6445,f6580
6446,f6515
6447,f6572
6448,f6643
6449,f6410
6450,f6593
6451,f6466
6452,f6448
6453,f6599
6454,f6398
6455,f6595
6456,f6640
6457,f6387
6458,f6447
6459,f6430
6460,f6461
6461,f6406
6462,f6557
6463,f6432
6464,f6600
6465,f6589
6466,f6606
6467,f6540
6468,f6420
6469,f6386
6470,f6625
6471,f6437
6472,f6567
6473,f6482
6474,f6597
6475,f6459
6476,f6542
6477,f6478
6478,f6518
6479,f6548
6480,f6415
6481,f6443
6482,f6503
6483,f6451
6484,f6390
6485,f6428
6486,f6401
6487,f6429
6488,f6445
6489,f6444
6490,f6584
6491,f6509
6492,f6611
6493,f6558
6494,f6485
6495,f6399
6496,f6564
6497,f6465
6498,f6569
6499,f6497
6500,f6602
6501,f6411
6502,f6393
6503,f6453
6504,f6570
6505,f6585
6506,f6526
6507,f6576
6508,f6578
6509,f6607
6510,f6486
6511,f6622
6512,f6426
6513,f6436
6514,f6500
6515,f6505
6516,f6477
6517,f6396
6518,f6596
6519,f6591
6520,f6402
6521,f6425
6522,f6574
6523,f6483
6524,f6563
6525,f6510
6526,f6475
6527,f6533
6528,f6409
6529,f6524
6530,f6552
6531,f6395
6532,f6642
6533,f6631
6534,f6480
6535,f6529
6536,f6495
6537,f6530
6538,f6637
6539,f6508
6540,f6434
6541,f6547
6542,f6566
6543,f6621
6544,f6460
6545,f6419
6546,f6496
6547,f6535
6548,f6525
6549,f6487
6550,f6587
6551,f6449
6552,f6424
6553,f6389
6554,f6422
6555,f6639
6556,f6644
6557,f6534
6558,f6452
6559,f6392
6560,f6634
6561,f6609
6562,f6474
6563,f6412
6564,f6494
6565,f6513
6566,f6488
6567,f6450
6568,f6605
6569,f6543
6570,f6554
6571,f6635
6572,f6438
6573,f6608
6574,f6501
6575,f6590
6576,f6507
6577,f6441
6578,f6612
6579,f6592
6580,f6413
6581,f6583
6582,f6565
6583,f6603
6584,f6630
6585,f6620
6586,f6421
6587,f6523
6588,f6551
6589,f6506
6590,f6536
6591,f6414
6592,f6573
6593,f6484
6594,f6545
6595,f6512
6596,f6539
6597,f6594
6598,f6629
6599,f6579
6600,f6546
6601,f6404
6602,f6431
6603,f6492
6604,f6623
6605,f6615
6606,f6517
6607,f6408
6608,f6491
6609,f6571
6610,f6581
6611,f6531
6612,f6454
6613,f6633
6614,f6490
6615,f6416
6616,f6504
6617,f6556
6618,f6442
6619,f6400
6620,f6481
6621,f6467
6622,f6519
6623,f6440
6624,f6604
6625,f6632
6626,f6616
6627,f6619
6628,f6458
6629,f6418
6630,f6550
6631,f6553
6632,f6588
6633,f6627
6634,f6469
6635,f6470
6636,f6636
6637,f6561
6638,f6537
6639,f6562
6640,f6407
6641,f6613
6642,f6388
6643,f6617
6644,f6520
6645,f6423
6646,f6417
6647,f6514
6648,f6776
6649,f6716
6650,f6777
6651,f6802
6652,f6749
6653,f6732
6654,f6652
6655,f6789
6656,f6735
6657,f6794
6658,f6678
6659,f6673
6660,f6683
6661,f6698
6662,f6781
6663,f6807
6664,f6701
6665,f6797
6666,f6778
6667,f6727
6668,f6670
6669,f6702
6670,f6676
6671,f6660
6672,f6704
6673,f6743
6674,f6804
6675,f6692
6676,f6661
6677,f6686
6678,f6785
6679,f6808
6680,f6706
6681,f6684
6682,f6674
6683,f6744
6684,f6693
6685,f6662
6686,f6748
6687,f6680
6688,f6710
6689,f6762
6690,f6655
6691,f6647
6692,f6805
6693,f6648
6694,f6713
6695,f6769
6696,f6756
6697,f6714
6698,f6696
6699,f6792
6700,f6750
6701,f6775
6702,f6772
6703,f6653
6704,f6695
6705,f6809
6706,f6751
6707,f6755
6708,f6787
6709,f6711
6710,f6715
6711,f6752
6712,f6729
6713,f6718
6714,f6666
6715,f6728
6716,f6746
6717,f6720
6718,f6717
6719,f6665
6720,f6803
6721,f6664
6722,f6790
6723,f6799
6724,f6646
6725,f6774
6726,f6708
6727,f6754
6728,f6677
6729,f6782
6730,f6747
6731,f6759
6732,f6770
6733,f6650
6734,f6760
6735,f6791
6736,f6675
6737,f6786
6738,f6671
6739,f6738
6740,f6758
6741,f6733
6742,f6658
6743,f6657
6744,f6700
6745,f6768
6746,f6767
6747,f6691
6748,f6667
6749,f6649
6750,f6709
6751,f6740
6752,f6779
6753,f6707
6754,f6783
6755,f6764
6756,f6663
6757,f6795
6758,f6771
6759,f6731
6760,f6745
6761,f6796
6762,f6687
6763,f6679
6764,f6712
6765,f6765
6766,f6645
6767,f6800
6768,f6697
6769,f6737
6770,f6682
6771,f6681
6772,f6724
6773,f6694
6774,f6654
6775,f6766
6776,f6763
6777,f6801
6778,f6734
6779,f6730
6780,f6739
6781,f6719
6782,f6798
6783,f6705
6784,f6690
6785,f6784
6786,f6669
6787,f6788
6788,f6656
6789,f6757
6790,f6806
6791,f6780
6792,f6761
6793,f6725
6794,f6722
6795,f6810
6796,f6793
6797,f6672
6798,f6651
6799,f6668
6800,f6689
6801,f6773
6802,f6736
6803,f6742
6804,f6659
6805,f6723
6806,f6721
6807,f6703
6808,f6726
6809,f6699
6810,f6685
6811,f6688
6812,f6753
6813,f6741
6814,year
6815,mon
6816,mday
6817,wday
6818,queshi
